date,Afghanistan,Albania,Algeria,Andorra,Angola,Anguilla,Antigua and Barbuda,Argentina,Armenia,Aruba,Australia,Austria,Azerbaijan,Bahamas,Bahrain,Bangladesh,Barbados,Belarus,Belgium,Belize,Benin,Bermuda,Bhutan,Bolivia,Bonaire Sint Eustatius and Saba,Bosnia and Herzegovina,Botswana,Brazil,British Virgin Islands,Brunei,Bulgaria,Burkina Faso,Burundi,Cambodia,Cameroon,Canada,Cape Verde,Cayman Islands,Central African Republic,Chad,Chile,China,Colombia,Comoros,Congo,Costa Rica,Cote d'Ivoire,Croatia,Cuba,Curacao,Cyprus,Czech Republic,Democratic Republic of Congo,Denmark,Djibouti,Dominica,Dominican Republic,Ecuador,Egypt,El Salvador,Equatorial Guinea,Eritrea,Estonia,Ethiopia,Faeroe Islands,Falkland Islands,Fiji,Finland,France,French Polynesia,Gabon,Gambia,Georgia,Germany,Ghana,Gibraltar,Greece,Greenland,Grenada,Guam,Guatemala,Guernsey,Guinea,Guinea-Bissau,Guyana,Haiti,Honduras,Hungary,Iceland,India,Indonesia,International,Iran,Iraq,Ireland,Isle of Man,Israel,Italy,Jamaica,Japan,Jersey,Jordan,Kazakhstan,Kenya,Kosovo,Kuwait,Kyrgyzstan,Laos,Latvia,Lebanon,Liberia,Libya,Liechtenstein,Lithuania,Luxembourg,Macedonia,Madagascar,Malawi,Malaysia,Maldives,Mali,Malta,Mauritania,Mauritius,Mexico,Moldova,Monaco,Mongolia,Montenegro,Montserrat,Morocco,Mozambique,Myanmar,Namibia,Nepal,Netherlands,New Caledonia,New Zealand,Nicaragua,Niger,Nigeria,Northern Mariana Islands,Norway,Oman,Pakistan,Palestine,Panama,Papua New Guinea,Paraguay,Peru,Philippines,Poland,Portugal,Puerto Rico,Qatar,Romania,Russia,Rwanda,Saint Kitts and Nevis,Saint Lucia,Saint Vincent and the Grenadines,San Marino,Sao Tome and Principe,Saudi Arabia,Senegal,Serbia,Seychelles,Sierra Leone,Singapore,Sint Maarten (Dutch part),Slovakia,Slovenia,Somalia,South Africa,South Korea,South Sudan,Spain,Sri Lanka,Sudan,Suriname,Swaziland,Sweden,Switzerland,Syria,Taiwan,Tajikistan,Tanzania,Thailand,Timor,Togo,Trinidad and Tobago,Tunisia,Turkey,Turks and Caicos Islands,Uganda,Ukraine,United Arab Emirates,United Kingdom,United States,United States Virgin Islands,Uruguay,Uzbekistan,Vatican,Venezuela,Vietnam,Western Sahara,World,Yemen,Zambia,Zimbabwe
2019-12-31,0.0,,0.0,,,,,,0.0,,0.0,0.0,0.0,,0.0,,,0.0,0.0,,,,,,,,,0.0,,,,,,0.0,,0.0,,,,,,27.0,,,,,,0.0,,,,0.0,,0.0,,,0.0,0.0,0.0,,,,0.0,,,,,0.0,0.0,,,,0.0,0.0,,,0.0,,,,,,,,,,,,0.0,0.0,0.0,0.0,0.0,0.0,0.0,,0.0,0.0,,0.0,,,,,,0.0,,,,0.0,,,,0.0,0.0,0.0,,,0.0,,,,,,0.0,,0.0,,,,,,,,0.0,0.0,,0.0,,,0.0,,0.0,0.0,0.0,,,,,,0.0,,,,0.0,0.0,0.0,,,,,0.0,,,,,,,0.0,,,,,,0.0,,0.0,0.0,,,,0.0,0.0,,0.0,,,0.0,,,,,,,,,0.0,0.0,0.0,,,,,,0.0,,27.0,,,
2020-01-01,0.0,,0.0,,,,,,0.0,,0.0,0.0,0.0,,0.0,,,0.0,0.0,,,,,,,,,0.0,,,,,,0.0,,0.0,,,,,,27.0,,,,,,0.0,,,,0.0,,0.0,,,0.0,0.0,0.0,,,,0.0,,,,,0.0,0.0,,,,0.0,0.0,,,0.0,,,,,,,,,,,,0.0,0.0,0.0,0.0,0.0,0.0,0.0,,0.0,0.0,,0.0,,,,,,0.0,,,,0.0,,,,0.0,0.0,0.0,,,0.0,,,,,,0.0,,0.0,,,,,,,,0.0,0.0,,0.0,,,0.0,,0.0,0.0,0.0,,,,,,0.0,,,,0.0,0.0,0.0,,,,,0.0,,,,,,,0.0,,,,,,0.0,,0.0,0.0,,,,0.0,0.0,,0.0,,,0.0,,,,,,,,,0.0,0.0,0.0,,,,,,0.0,,27.0,,,
2020-01-02,0.0,,0.0,,,,,,0.0,,0.0,0.0,0.0,,0.0,,,0.0,0.0,,,,,,,,,0.0,,,,,,0.0,,0.0,,,,,,27.0,,,,,,0.0,,,,0.0,,0.0,,,0.0,0.0,0.0,,,,0.0,,,,,0.0,0.0,,,,0.0,0.0,,,0.0,,,,,,,,,,,,0.0,0.0,0.0,0.0,0.0,0.0,0.0,,0.0,0.0,,0.0,,,,,,0.0,,,,0.0,,,,0.0,0.0,0.0,,,0.0,,,,,,0.0,,0.0,,,,,,,,0.0,0.0,,0.0,,,0.0,,0.0,0.0,0.0,,,,,,0.0,,,,0.0,0.0,0.0,,,,,0.0,,,,,,,0.0,,,,,,0.0,,0.0,0.0,,,,0.0,0.0,,0.0,,,0.0,,,,,,,,,0.0,0.0,0.0,,,,,,0.0,,27.0,,,
2020-01-03,0.0,,0.0,,,,,,0.0,,0.0,0.0,0.0,,0.0,,,0.0,0.0,,,,,,,,,0.0,,,,,,0.0,,0.0,,,,,,44.0,,,,,,0.0,,,,0.0,,0.0,,,0.0,0.0,0.0,,,,0.0,,,,,0.0,0.0,,,,0.0,0.0,,,0.0,,,,,,,,,,,,0.0,0.0,0.0,0.0,0.0,0.0,0.0,,0.0,0.0,,0.0,,,,,,0.0,,,,0.0,,,,0.0,0.0,0.0,,,0.0,,,,,,0.0,,0.0,,,,,,,,0.0,0.0,,0.0,,,0.0,,0.0,0.0,0.0,,,,,,0.0,,,,0.0,0.0,0.0,,,,,0.0,,,,,,,0.0,,,,,,0.0,,0.0,0.0,,,,0.0,0.0,,0.0,,,0.0,,,,,,,,,0.0,0.0,0.0,,,,,,0.0,,44.0,,,
2020-01-04,0.0,,0.0,,,,,,0.0,,0.0,0.0,0.0,,0.0,,,0.0,0.0,,,,,,,,,0.0,,,,,,0.0,,0.0,,,,,,44.0,,,,,,0.0,,,,0.0,,0.0,,,0.0,0.0,0.0,,,,0.0,,,,,0.0,0.0,,,,0.0,0.0,,,0.0,,,,,,,,,,,,0.0,0.0,0.0,0.0,0.0,0.0,0.0,,0.0,0.0,,0.0,,,,,,0.0,,,,0.0,,,,0.0,0.0,0.0,,,0.0,,,,,,0.0,,0.0,,,,,,,,0.0,0.0,,0.0,,,0.0,,0.0,0.0,0.0,,,,,,0.0,,,,0.0,0.0,0.0,,,,,0.0,,,,,,,0.0,,,,,,0.0,,0.0,0.0,,,,0.0,0.0,,0.0,,,0.0,,,,,,,,,0.0,0.0,0.0,,,,,,0.0,,44.0,,,
2020-01-05,0.0,,0.0,,,,,,0.0,,0.0,0.0,0.0,,0.0,,,0.0,0.0,,,,,,,,,0.0,,,,,,0.0,,0.0,,,,,,59.0,,,,,,0.0,,,,0.0,,0.0,,,0.0,0.0,0.0,,,,0.0,,,,,0.0,0.0,,,,0.0,0.0,,,0.0,,,,,,,,,,,,0.0,0.0,0.0,0.0,0.0,0.0,0.0,,0.0,0.0,,0.0,,,,,,0.0,,,,0.0,,,,0.0,0.0,0.0,,,0.0,,,,,,0.0,,0.0,,,,,,,,0.0,0.0,,0.0,,,0.0,,0.0,0.0,0.0,,,,,,0.0,,,,0.0,0.0,0.0,,,,,0.0,,,,,,,0.0,,,,,,0.0,,0.0,0.0,,,,0.0,0.0,,0.0,,,0.0,,,,,,,,,0.0,0.0,0.0,,,,,,0.0,,59.0,,,
2020-01-06,0.0,,0.0,,,,,,0.0,,0.0,0.0,0.0,,0.0,,,0.0,0.0,,,,,,,,,0.0,,,,,,0.0,,0.0,,,,,,59.0,,,,,,0.0,,,,0.0,,0.0,,,0.0,0.0,0.0,,,,0.0,,,,,0.0,0.0,,,,0.0,0.0,,,0.0,,,,,,,,,,,,0.0,0.0,0.0,0.0,0.0,0.0,0.0,,0.0,0.0,,0.0,,,,,,0.0,,,,0.0,,,,0.0,0.0,0.0,,,0.0,,,,,,0.0,,0.0,,,,,,,,0.0,0.0,,0.0,,,0.0,,0.0,0.0,0.0,,,,,,0.0,,,,0.0,0.0,0.0,,,,,0.0,,,,,,,0.0,,,,,,0.0,,0.0,0.0,,,,0.0,0.0,,0.0,,,0.0,,,,,,,,,0.0,0.0,0.0,,,,,,0.0,,59.0,,,
2020-01-07,0.0,,0.0,,,,,,0.0,,0.0,0.0,0.0,,0.0,,,0.0,0.0,,,,,,,,,0.0,,,,,,0.0,,0.0,,,,,,59.0,,,,,,0.0,,,,0.0,,0.0,,,0.0,0.0,0.0,,,,0.0,,,,,0.0,0.0,,,,0.0,0.0,,,0.0,,,,,,,,,,,,0.0,0.0,0.0,0.0,0.0,0.0,0.0,,0.0,0.0,,0.0,,,,,,0.0,,,,0.0,,,,0.0,0.0,0.0,,,0.0,,,,,,0.0,,0.0,,,,,,,,0.0,0.0,,0.0,,,0.0,,0.0,0.0,0.0,,,,,,0.0,,,,0.0,0.0,0.0,,,,,0.0,,,,,,,0.0,,,,,,0.0,,0.0,0.0,,,,0.0,0.0,,0.0,,,0.0,,,,,,,,,0.0,0.0,0.0,,,,,,0.0,,59.0,,,
2020-01-08,0.0,,0.0,,,,,,0.0,,0.0,0.0,0.0,,0.0,,,0.0,0.0,,,,,,,,,0.0,,,,,,0.0,,0.0,,,,,,59.0,,,,,,0.0,,,,0.0,,0.0,,,0.0,0.0,0.0,,,,0.0,,,,,0.0,0.0,,,,0.0,0.0,,,0.0,,,,,,,,,,,,0.0,0.0,0.0,0.0,0.0,0.0,0.0,,0.0,0.0,,0.0,,,,,,0.0,,,,0.0,,,,0.0,0.0,0.0,,,0.0,,,,,,0.0,,0.0,,,,,,,,0.0,0.0,,0.0,,,0.0,,0.0,0.0,0.0,,,,,,0.0,,,,0.0,0.0,0.0,,,,,0.0,,,,,,,0.0,,,,,,0.0,,0.0,0.0,,,,0.0,0.0,,0.0,,,0.0,,,,,,,,,0.0,0.0,0.0,,,,,,0.0,,59.0,,,
2020-01-09,0.0,,0.0,,,,,,0.0,,0.0,0.0,0.0,,0.0,,,0.0,0.0,,,,,,,,,0.0,,,,,,0.0,,0.0,,,,,,59.0,,,,,,0.0,,,,0.0,,0.0,,,0.0,0.0,0.0,,,,0.0,,,,,0.0,0.0,,,,0.0,0.0,,,0.0,,,,,,,,,,,,0.0,0.0,0.0,0.0,0.0,0.0,0.0,,0.0,0.0,,0.0,,,,,,0.0,,,,0.0,,,,0.0,0.0,0.0,,,0.0,,,,,,0.0,,0.0,,,,,,,,0.0,0.0,,0.0,,,0.0,,0.0,0.0,0.0,,,,,,0.0,,,,0.0,0.0,0.0,,,,,0.0,,,,,,,0.0,,,,,,0.0,,0.0,0.0,,,,0.0,0.0,,0.0,,,0.0,,,,,,,,,0.0,0.0,0.0,,,,,,0.0,,59.0,,,
2020-01-10,0.0,,0.0,,,,,,0.0,,0.0,0.0,0.0,,0.0,,,0.0,0.0,,,,,,,,,0.0,,,,,,0.0,,0.0,,,,,,59.0,,,,,,0.0,,,,0.0,,0.0,,,0.0,0.0,0.0,,,,0.0,,,,,0.0,0.0,,,,0.0,0.0,,,0.0,,,,,,,,,,,,0.0,0.0,0.0,0.0,0.0,0.0,0.0,,0.0,0.0,,0.0,,,,,,0.0,,,,0.0,,,,0.0,0.0,0.0,,,0.0,,,,,,0.0,,0.0,,,,,,,,0.0,0.0,,0.0,,,0.0,,0.0,0.0,0.0,,,,,,0.0,,,,0.0,0.0,0.0,,,,,0.0,,,,,,,0.0,,,,,,0.0,,0.0,0.0,,,,0.0,0.0,,0.0,,,0.0,,,,,,,,,0.0,0.0,0.0,,,,,,0.0,,59.0,,,
2020-01-11,0.0,,0.0,,,,,,0.0,,0.0,0.0,0.0,,0.0,,,0.0,0.0,,,,,,,,,0.0,,,,,,0.0,,0.0,,,,,,59.0,,,,,,0.0,,,,0.0,,0.0,,,0.0,0.0,0.0,,,,0.0,,,,,0.0,0.0,,,,0.0,0.0,,,0.0,,,,,,,,,,,,0.0,0.0,0.0,0.0,0.0,0.0,0.0,,0.0,0.0,,0.0,,,,,,0.0,,,,0.0,,,,0.0,0.0,0.0,,,0.0,,,,,,0.0,,0.0,,,,,,,,0.0,0.0,,0.0,,,0.0,,0.0,0.0,0.0,,,,,,0.0,,,,0.0,0.0,0.0,,,,,0.0,,,,,,,0.0,,,,,,0.0,,0.0,0.0,,,,0.0,0.0,,0.0,,,0.0,,,,,,,,,0.0,0.0,0.0,,,,,,0.0,,59.0,,,
2020-01-12,0.0,,0.0,,,,,,0.0,,0.0,0.0,0.0,,0.0,,,0.0,0.0,,,,,,,,,0.0,,,,,,0.0,,0.0,,,,,,59.0,,,,,,0.0,,,,0.0,,0.0,,,0.0,0.0,0.0,,,,0.0,,,,,0.0,0.0,,,,0.0,0.0,,,0.0,,,,,,,,,,,,0.0,0.0,0.0,0.0,0.0,0.0,0.0,,0.0,0.0,,0.0,,,,,,0.0,,,,0.0,,,,0.0,0.0,0.0,,,0.0,,,,,,0.0,,0.0,,,,,,,,0.0,0.0,,0.0,,,0.0,,0.0,0.0,0.0,,,,,,0.0,,,,0.0,0.0,0.0,,,,,0.0,,,,,,,0.0,,,,,,0.0,,0.0,0.0,,,,0.0,0.0,,0.0,,,0.0,,,,,,,,,0.0,0.0,0.0,,,,,,0.0,,59.0,,,
2020-01-13,0.0,,0.0,,,,,,0.0,,0.0,0.0,0.0,,0.0,,,0.0,0.0,,,,,,,,,0.0,,,,,,0.0,,0.0,,,,,,59.0,,,,,,0.0,,,,0.0,,0.0,,,0.0,0.0,0.0,,,,0.0,,,,,0.0,0.0,,,,0.0,0.0,,,0.0,,,,,,,,,,,,0.0,0.0,0.0,0.0,0.0,0.0,0.0,,0.0,0.0,,0.0,,,,,,0.0,,,,0.0,,,,0.0,0.0,0.0,,,0.0,,,,,,0.0,,0.0,,,,,,,,0.0,0.0,,0.0,,,0.0,,0.0,0.0,0.0,,,,,,0.0,,,,0.0,0.0,0.0,,,,,0.0,,,,,,,0.0,,,,,,0.0,,0.0,0.0,,,,0.0,0.0,,0.0,,,1.0,,,,,,,,,0.0,0.0,0.0,,,,,,0.0,,60.0,,,
2020-01-14,0.0,,0.0,,,,,,0.0,,0.0,0.0,0.0,,0.0,,,0.0,0.0,,,,,,,,,0.0,,,,,,0.0,,0.0,,,,,,59.0,,,,,,0.0,,,,0.0,,0.0,,,0.0,0.0,0.0,,,,0.0,,,,,0.0,0.0,,,,0.0,0.0,,,0.0,,,,,,,,,,,,0.0,0.0,0.0,0.0,0.0,0.0,0.0,,0.0,0.0,,0.0,,,,,,0.0,,,,0.0,,,,0.0,0.0,0.0,,,0.0,,,,,,0.0,,0.0,,,,,,,,0.0,0.0,,0.0,,,0.0,,0.0,0.0,0.0,,,,,,0.0,,,,0.0,0.0,0.0,,,,,0.0,,,,,,,0.0,,,,,,0.0,,0.0,0.0,,,,0.0,0.0,,0.0,,,1.0,,,,,,,,,0.0,0.0,0.0,,,,,,0.0,,60.0,,,
2020-01-15,0.0,,0.0,,,,,,0.0,,0.0,0.0,0.0,,0.0,,,0.0,0.0,,,,,,,,,0.0,,,,,,0.0,,0.0,,,,,,59.0,,,,,,0.0,,,,0.0,,0.0,,,0.0,0.0,0.0,,,,0.0,,,,,0.0,0.0,,,,0.0,0.0,,,0.0,,,,,,,,,,,,0.0,0.0,0.0,0.0,0.0,0.0,0.0,,0.0,0.0,,1.0,,,,,,0.0,,,,0.0,,,,0.0,0.0,0.0,,,0.0,,,,,,0.0,,0.0,,,,,,,,0.0,0.0,,0.0,,,0.0,,0.0,0.0,0.0,,,,,,0.0,,,,0.0,0.0,0.0,,,,,0.0,,,,,,,0.0,,,,,,0.0,,0.0,0.0,,,,0.0,0.0,,0.0,,,1.0,,,,,,,,,0.0,0.0,0.0,,,,,,0.0,,61.0,,,
2020-01-16,0.0,,0.0,,,,,,0.0,,0.0,0.0,0.0,,0.0,,,0.0,0.0,,,,,,,,,0.0,,,,,,0.0,,0.0,,,,,,59.0,,,,,,0.0,,,,0.0,,0.0,,,0.0,0.0,0.0,,,,0.0,,,,,0.0,0.0,,,,0.0,0.0,,,0.0,,,,,,,,,,,,0.0,0.0,0.0,0.0,0.0,0.0,0.0,,0.0,0.0,,1.0,,,,,,0.0,,,,0.0,,,,0.0,0.0,0.0,,,0.0,,,,,,0.0,,0.0,,,,,,,,0.0,0.0,,0.0,,,0.0,,0.0,0.0,0.0,,,,,,0.0,,,,0.0,0.0,0.0,,,,,0.0,,,,,,,0.0,,,,,,0.0,,0.0,0.0,,,,0.0,0.0,,0.0,,,1.0,,,,,,,,,0.0,0.0,0.0,,,,,,0.0,,61.0,,,
2020-01-17,0.0,,0.0,,,,,,0.0,,0.0,0.0,0.0,,0.0,,,0.0,0.0,,,,,,,,,0.0,,,,,,0.0,,0.0,,,,,,63.0,,,,,,0.0,,,,0.0,,0.0,,,0.0,0.0,0.0,,,,0.0,,,,,0.0,0.0,,,,0.0,0.0,,,0.0,,,,,,,,,,,,0.0,0.0,0.0,0.0,0.0,0.0,0.0,,0.0,0.0,,1.0,,,,,,0.0,,,,0.0,,,,0.0,0.0,0.0,,,0.0,,,,,,0.0,,0.0,,,,,,,,0.0,0.0,,0.0,,,0.0,,0.0,0.0,0.0,,,,,,0.0,,,,0.0,0.0,0.0,,,,,0.0,,,,,,,0.0,,,,,,0.0,,0.0,0.0,,,,0.0,0.0,,0.0,,,2.0,,,,,,,,,0.0,0.0,0.0,,,,,,0.0,,66.0,,,
2020-01-18,0.0,,0.0,,,,,,0.0,,0.0,0.0,0.0,,0.0,,,0.0,0.0,,,,,,,,,0.0,,,,,,0.0,,0.0,,,,,,80.0,,,,,,0.0,,,,0.0,,0.0,,,0.0,0.0,0.0,,,,0.0,,,,,0.0,0.0,,,,0.0,0.0,,,0.0,,,,,,,,,,,,0.0,0.0,0.0,0.0,0.0,0.0,0.0,,0.0,0.0,,1.0,,,,,,0.0,,,,0.0,,,,0.0,0.0,0.0,,,0.0,,,,,,0.0,,0.0,,,,,,,,0.0,0.0,,0.0,,,0.0,,0.0,0.0,0.0,,,,,,0.0,,,,0.0,0.0,0.0,,,,,0.0,,,,,,,0.0,,,,,,0.0,,0.0,0.0,,,,0.0,0.0,,0.0,,,2.0,,,,,,,,,0.0,0.0,0.0,,,,,,0.0,,83.0,,,
2020-01-19,0.0,,0.0,,,,,,0.0,,0.0,0.0,0.0,,0.0,,,0.0,0.0,,,,,,,,,0.0,,,,,,0.0,,0.0,,,,,,216.0,,,,,,0.0,,,,0.0,,0.0,,,0.0,0.0,0.0,,,,0.0,,,,,0.0,0.0,,,,0.0,0.0,,,0.0,,,,,,,,,,,,0.0,0.0,0.0,0.0,0.0,0.0,0.0,,0.0,0.0,,1.0,,,,,,0.0,,,,0.0,,,,0.0,0.0,0.0,,,0.0,,,,,,0.0,,0.0,,,,,,,,0.0,0.0,,0.0,,,0.0,,0.0,0.0,0.0,,,,,,0.0,,,,0.0,0.0,0.0,,,,,0.0,,,,,,,0.0,,,,,,0.0,,0.0,0.0,,,,0.0,0.0,,0.0,,,2.0,,,,,,,,,0.0,0.0,0.0,,,,,,0.0,,219.0,,,
2020-01-20,0.0,,0.0,,,,,,0.0,,0.0,0.0,0.0,,0.0,,,0.0,0.0,,,,,,,,,0.0,,,,,,0.0,,0.0,,,,,,235.0,,,,,,0.0,,,,0.0,,0.0,,,0.0,0.0,0.0,,,,0.0,,,,,0.0,0.0,,,,0.0,0.0,,,0.0,,,,,,,,,,,,0.0,0.0,0.0,0.0,0.0,0.0,0.0,,0.0,0.0,,1.0,,,,,,0.0,,,,0.0,,,,0.0,0.0,0.0,,,0.0,,,,,,0.0,,0.0,,,,,,,,0.0,0.0,,0.0,,,0.0,,0.0,0.0,0.0,,,,,,0.0,,,,0.0,0.0,0.0,,,,,0.0,,,,,,,0.0,,,,,,1.0,,0.0,0.0,,,,0.0,0.0,,0.0,,,2.0,,,,,,,,,0.0,0.0,0.0,,,,,,0.0,,239.0,,,
2020-01-21,0.0,,0.0,,,,,,0.0,,0.0,0.0,0.0,,0.0,,,0.0,0.0,,,,,,,,,0.0,,,,,,0.0,,0.0,,,,,,386.0,,,,,,0.0,,,,0.0,,0.0,,,0.0,0.0,0.0,,,,0.0,,,,,0.0,0.0,,,,0.0,0.0,,,0.0,,,,,,,,,,,,0.0,0.0,0.0,0.0,0.0,0.0,0.0,,0.0,0.0,,1.0,,,,,,0.0,,,,0.0,,,,0.0,0.0,0.0,,,0.0,,,,,,0.0,,0.0,,,,,,,,0.0,0.0,,0.0,,,0.0,,0.0,0.0,0.0,,,,,,0.0,,,,0.0,0.0,0.0,,,,,0.0,,,,,,,0.0,,,,,,1.0,,0.0,0.0,,,,0.0,0.0,,1.0,,,2.0,,,,,,,,,0.0,0.0,1.0,,,,,,0.0,,392.0,,,
2020-01-22,0.0,,0.0,,,,,,0.0,,0.0,0.0,0.0,,0.0,,,0.0,0.0,,,,,,,,,0.0,,,,,,0.0,,0.0,,,,,,526.0,,,,,,0.0,,,,0.0,,0.0,,,0.0,0.0,0.0,,,,0.0,,,,,0.0,0.0,,,,0.0,0.0,,,0.0,,,,,,,,,,,,0.0,0.0,0.0,0.0,0.0,0.0,0.0,,0.0,0.0,,1.0,,,,,,0.0,,,,0.0,,,,0.0,0.0,0.0,,,0.0,,,,,,0.0,,0.0,,,,,,,,0.0,0.0,,0.0,,,0.0,,0.0,0.0,0.0,,,,,,0.0,,,,0.0,0.0,0.0,,,,,0.0,,,,,,,0.0,,,,,,1.0,,0.0,0.0,,,,0.0,0.0,,1.0,,,4.0,,,,,,,,,0.0,0.0,1.0,,,,,,0.0,,534.0,,,
2020-01-23,0.0,,0.0,,,,,,0.0,,0.0,0.0,0.0,,0.0,,,0.0,0.0,,,,,,,,,0.0,,,,,,0.0,,0.0,,,,,,623.0,,,,,,0.0,,,,0.0,,0.0,,,0.0,0.0,0.0,,,,0.0,,,,,0.0,0.0,,,,0.0,0.0,,,0.0,,,,,,,,,,,,0.0,0.0,0.0,0.0,0.0,0.0,0.0,,0.0,0.0,,1.0,,,,,,0.0,,,,0.0,,,,0.0,0.0,0.0,,,0.0,,,,,,0.0,,0.0,,,,,,,,0.0,0.0,,0.0,,,0.0,,0.0,0.0,0.0,,,,,,0.0,,,,0.0,0.0,0.0,,,,,0.0,,,,,,,0.0,,,,,,1.0,,0.0,0.0,,,,0.0,0.0,,1.0,,,4.0,,,,,,,,,0.0,0.0,1.0,,,,,,0.0,,631.0,,,
2020-01-24,0.0,,0.0,,,,,,0.0,,0.0,0.0,0.0,,0.0,,,0.0,0.0,,,,,,,,,0.0,,,,,,0.0,,0.0,,,,,,882.0,,,,,,0.0,,,,0.0,,0.0,,,0.0,0.0,0.0,,,,0.0,,,,,0.0,0.0,,,,0.0,0.0,,,0.0,,,,,,,,,,,,0.0,0.0,0.0,0.0,0.0,0.0,0.0,,0.0,0.0,,2.0,,,,,,0.0,,,,0.0,,,,0.0,0.0,0.0,,,0.0,,,,,,0.0,,0.0,,,,,,,,0.0,0.0,,0.0,,,0.0,,0.0,0.0,0.0,,,,,,0.0,,,,0.0,0.0,0.0,,,,,0.0,,,,,,,3.0,,,,,,2.0,,0.0,0.0,,,,0.0,0.0,,1.0,,,4.0,,,,,,,,,0.0,0.0,1.0,,,,,,2.0,,897.0,,,
2020-01-25,0.0,,0.0,,,,,,0.0,,1.0,0.0,0.0,,0.0,,,0.0,0.0,,,,,,,,,0.0,,,,,,0.0,,0.0,,,,,,1323.0,,,,,,0.0,,,,0.0,,0.0,,,0.0,0.0,0.0,,,,0.0,,,,,0.0,3.0,,,,0.0,0.0,,,0.0,,,,,,,,,,,,0.0,0.0,0.0,0.0,0.0,0.0,0.0,,0.0,0.0,,2.0,,,,,,0.0,,,,0.0,,,,0.0,0.0,0.0,,,3.0,,,,,,0.0,,0.0,,,,,,,,1.0,0.0,,0.0,,,0.0,,0.0,0.0,0.0,,,,,,0.0,,,,0.0,0.0,0.0,,,,,0.0,,,,,,,3.0,,,,,,2.0,,0.0,0.0,,,,0.0,0.0,,3.0,,,5.0,,,,,,,,,0.0,0.0,2.0,,,,,,2.0,,1350.0,,,
2020-01-26,0.0,,0.0,,,,,,0.0,,4.0,0.0,0.0,,0.0,,,0.0,0.0,,,,,,,,,0.0,,,,,,0.0,,1.0,,,,,,1988.0,,,,,,0.0,,,,0.0,,0.0,,,0.0,0.0,0.0,,,,0.0,,,,,0.0,3.0,,,,0.0,0.0,,,0.0,,,,,,,,,,,,0.0,0.0,0.0,0.0,0.0,0.0,0.0,,0.0,0.0,,3.0,,,,,,0.0,,,,0.0,,,,0.0,0.0,0.0,,,4.0,,,,,,0.0,,0.0,,,,,,,,1.0,0.0,,0.0,,,0.0,,0.0,0.0,0.0,,,,,,0.0,,,,0.0,0.0,0.0,,,,,0.0,,,,,,,4.0,,,,,,3.0,,0.0,0.0,,,,0.0,0.0,,3.0,,,5.0,,,,,,,,,0.0,0.0,2.0,,,,,,2.0,,2023.0,,,
2020-01-27,0.0,,0.0,,,,,,0.0,,4.0,0.0,0.0,,0.0,,,0.0,0.0,,,,,,,,,0.0,,,,,,0.0,,1.0,,,,,,2775.0,,,,,,0.0,,,,0.0,,0.0,,,0.0,0.0,0.0,,,,0.0,,,,,0.0,3.0,,,,0.0,0.0,,,0.0,,,,,,,,,,,,0.0,0.0,0.0,0.0,0.0,0.0,0.0,,0.0,0.0,,3.0,,,,,,0.0,,,,0.0,,,,0.0,0.0,0.0,,,4.0,,,,,,0.0,,0.0,,,,,,,,1.0,0.0,,0.0,,,0.0,,0.0,0.0,0.0,,,,,,0.0,,,,0.0,0.0,0.0,,,,,0.0,,,,,,,4.0,,,,,,4.0,,0.0,0.0,,,,0.0,0.0,,5.0,,,8.0,,,,,,,,,1.0,0.0,5.0,,,,,,2.0,,2820.0,,,
2020-01-28,0.0,,0.0,,,,,,0.0,,4.0,0.0,0.0,,0.0,,,0.0,0.0,,,,,,,,,0.0,,,,,,1.0,,2.0,,,,,,4528.0,,,,,,0.0,,,,0.0,,0.0,,,0.0,0.0,0.0,,,,0.0,,,,,0.0,3.0,,,,0.0,1.0,,,0.0,,,,,,,,,,,,0.0,0.0,0.0,0.0,0.0,0.0,0.0,,0.0,0.0,,4.0,,,,,,0.0,,,,0.0,,,,0.0,0.0,0.0,,,4.0,,,,,,0.0,,0.0,,,,,,,,1.0,0.0,,0.0,,,0.0,,0.0,0.0,0.0,,,,,,0.0,,,,0.0,0.0,0.0,,,,,0.0,,,,,,,5.0,,,,,,4.0,,0.0,1.0,,,,0.0,0.0,,7.0,,,14.0,,,,,,,,,1.0,0.0,5.0,,,,,,2.0,,4587.0,,,
2020-01-29,0.0,,0.0,,,,,,0.0,,4.0,0.0,0.0,,0.0,,,0.0,0.0,,,,,,,,,0.0,,,,,,1.0,,3.0,,,,,,5994.0,,,,,,0.0,,,,0.0,,0.0,,,0.0,0.0,0.0,,,,0.0,,,,,0.0,4.0,,,,0.0,4.0,,,0.0,,,,,,,,,,,,0.0,0.0,0.0,0.0,0.0,0.0,0.0,,0.0,0.0,,7.0,,,,,,0.0,,,,0.0,,,,0.0,0.0,0.0,,,7.0,,,,,,0.0,,0.0,,,,,,,,1.0,0.0,,0.0,,,0.0,,0.0,0.0,0.0,,,,,,0.0,,,,0.0,0.0,0.0,,,,,0.0,,,,,,,7.0,,,,,,4.0,,0.0,1.0,,,,0.0,0.0,,8.0,,,14.0,,,,,,,,,1.0,0.0,5.0,,,,,,2.0,,6067.0,,,
2020-01-30,0.0,,0.0,,,,,,0.0,,6.0,0.0,0.0,,0.0,,,0.0,0.0,,,,,,,,,0.0,,,,,,1.0,,3.0,,,,,,7734.0,,,,,,0.0,,,,0.0,,0.0,,,0.0,0.0,0.0,,,,0.0,,,,,1.0,5.0,,,,0.0,4.0,,,0.0,,,,,,,,,,,,0.0,1.0,0.0,0.0,0.0,0.0,0.0,,0.0,0.0,,11.0,,,,,,0.0,,,,0.0,,,,0.0,0.0,0.0,,,7.0,,,,,,0.0,,0.0,,,,,,,,1.0,0.0,,0.0,,,0.0,,0.0,0.0,0.0,,,,,,1.0,,,,0.0,0.0,0.0,,,,,0.0,,,,,,,10.0,,,,,,4.0,,0.0,1.0,,,,0.0,0.0,,8.0,,,14.0,,,,,,,,,4.0,0.0,5.0,,,,,,2.0,,7823.0,,,
2020-01-31,0.0,,0.0,,,,,,0.0,,7.0,0.0,0.0,,0.0,,,0.0,0.0,,,,,,,,,0.0,,,,,,1.0,,3.0,,,,,,9714.0,,,,,,0.0,,,,0.0,,0.0,,,0.0,0.0,0.0,,,,0.0,,,,,1.0,6.0,,,,0.0,5.0,,,0.0,,,,,,,,,,,,0.0,1.0,0.0,0.0,0.0,0.0,0.0,,0.0,3.0,,14.0,,,,,,0.0,,,,0.0,,,,0.0,0.0,0.0,,,8.0,,,,,,0.0,,0.0,,,,,,,,1.0,0.0,,0.0,,,0.0,,0.0,0.0,0.0,,,,,,1.0,,,,0.0,0.0,0.0,,,,,0.0,,,,,,,13.0,,,,,,7.0,,0.0,1.0,,,,0.0,0.0,,9.0,,,14.0,,,,,,,,,4.0,2.0,6.0,,,,,,5.0,,9826.0,,,
2020-02-01,0.0,,0.0,,,,,,0.0,,9.0,0.0,0.0,,0.0,,,0.0,0.0,,,,,,,,,0.0,,,,,,1.0,,4.0,,,,,,11809.0,,,,,,0.0,,,,0.0,,0.0,,,0.0,0.0,0.0,,,,0.0,,,,,1.0,6.0,,,,0.0,7.0,,,0.0,,,,,,,,,,,,0.0,1.0,0.0,0.0,0.0,0.0,0.0,,0.0,3.0,,15.0,,,,,,0.0,,,,0.0,,,,0.0,0.0,0.0,,,8.0,,,,,,0.0,,0.0,,,,,,,,1.0,0.0,,0.0,,,0.0,,0.0,0.0,0.0,,,,,,1.0,,,,0.0,0.0,2.0,,,,,0.0,,,,,,,16.0,,,,,,12.0,,1.0,1.0,,,,1.0,0.0,,10.0,,,19.0,,,,,,,,,4.0,2.0,7.0,,,,,,5.0,,11946.0,,,
2020-02-02,0.0,,0.0,,,,,,0.0,,11.0,0.0,0.0,,0.0,,,0.0,0.0,,,,,,,,,0.0,,,,,,1.0,,4.0,,,,,,14399.0,,,,,,0.0,,,,0.0,,0.0,,,0.0,0.0,0.0,,,,0.0,,,,,1.0,6.0,,,,0.0,8.0,,,0.0,,,,,,,,,,,,0.0,2.0,0.0,0.0,0.0,0.0,0.0,,0.0,3.0,,19.0,,,,,,0.0,,,,0.0,,,,0.0,0.0,0.0,,,8.0,,,,,,0.0,,0.0,,,,,,,,1.0,0.0,,0.0,,,0.0,,0.0,0.0,0.0,,,,,,2.0,,,,0.0,0.0,2.0,,,,,0.0,,,,,,,18.0,,,,,,15.0,,1.0,1.0,,,,1.0,0.0,,10.0,,,19.0,,,,,,,,,5.0,2.0,8.0,,,,,,7.0,,14554.0,,,
2020-02-03,0.0,,0.0,,,,,,0.0,,11.0,0.0,0.0,,0.0,,,0.0,0.0,,,,,,,,,0.0,,,,,,1.0,,4.0,,,,,,17211.0,,,,,,0.0,,,,0.0,,0.0,,,0.0,0.0,0.0,,,,0.0,,,,,1.0,6.0,,,,0.0,9.0,,,0.0,,,,,,,,,,,,0.0,2.0,0.0,0.0,0.0,0.0,0.0,,0.0,3.0,,20.0,,,,,,0.0,,,,0.0,,,,0.0,0.0,0.0,,,8.0,,,,,,0.0,,0.0,,,,,,,,1.0,0.0,,0.0,,,0.0,,0.0,0.0,0.0,,,,,,2.0,,,,0.0,0.0,2.0,,,,,0.0,,,,,,,18.0,,,,,,15.0,,1.0,1.0,,,,1.0,0.0,,10.0,,,19.0,,,,,,,,,5.0,2.0,11.0,,,,,,8.0,,17372.0,,,
2020-02-04,0.0,,0.0,,,,,,0.0,,11.0,0.0,0.0,,0.0,,,0.0,1.0,,,,,,,,,0.0,,,,,,1.0,,4.0,,,,,,20448.0,,,,,,0.0,,,,0.0,,0.0,,,0.0,0.0,0.0,,,,0.0,,,,,1.0,6.0,,,,0.0,11.0,,,0.0,,,,,,,,,,,,0.0,3.0,0.0,0.0,0.0,0.0,0.0,,0.0,3.0,,20.0,,,,,,0.0,,,,0.0,,,,0.0,0.0,0.0,,,8.0,,,,,,0.0,,0.0,,,,,,,,1.0,0.0,,0.0,,,0.0,,0.0,0.0,0.0,,,,,,2.0,,,,0.0,0.0,2.0,,,,,0.0,,,,,,,18.0,,,,,,16.0,,1.0,1.0,,,,1.0,0.0,,10.0,,,19.0,,,,,,,,,5.0,2.0,11.0,,,,,,9.0,,20615.0,,,
2020-02-05,0.0,,0.0,,,,,,0.0,,12.0,0.0,0.0,,0.0,,,0.0,1.0,,,,,,,,,0.0,,,,,,1.0,,5.0,,,,,,24320.0,,,,,,0.0,,,,0.0,,0.0,,,0.0,0.0,0.0,,,,0.0,,,,,1.0,6.0,,,,0.0,11.0,,,0.0,,,,,,,,,,,,0.0,3.0,0.0,10.0,0.0,0.0,0.0,,0.0,3.0,,25.0,,,,,,0.0,,,,0.0,,,,0.0,0.0,0.0,,,10.0,,,,,,0.0,,0.0,,,,,,,,1.0,0.0,,0.0,,,0.0,,0.0,0.0,0.0,,,,,,2.0,,,,0.0,0.0,2.0,,,,,0.0,,,,,,,24.0,,,,,,18.0,,1.0,1.0,,,,1.0,0.0,,11.0,,,25.0,,,,,,,,,5.0,2.0,11.0,,,,,,10.0,,24522.0,,,
2020-02-06,0.0,,0.0,,,,,,0.0,,13.0,0.0,0.0,,0.0,,,0.0,1.0,,,,,,,,,0.0,,,,,,1.0,,5.0,,,,,,28047.0,,,,,,0.0,,,,0.0,,0.0,,,0.0,0.0,0.0,,,,0.0,,,,,1.0,6.0,,,,0.0,11.0,,,0.0,,,,,,,,,,,,0.0,3.0,0.0,20.0,0.0,0.0,0.0,,0.0,3.0,,25.0,,,,,,0.0,,,,0.0,,,,0.0,0.0,0.0,,,12.0,,,,,,0.0,,0.0,,,,,,,,1.0,0.0,,0.0,,,0.0,,0.0,0.0,0.0,,,,,,3.0,,,,0.0,0.0,2.0,,,,,0.0,,,,,,,28.0,,,,,,23.0,,1.0,1.0,,,,1.0,0.0,,11.0,,,25.0,,,,,,,,,5.0,2.0,12.0,,,,,,10.0,,28273.0,,,
2020-02-07,0.0,,0.0,,,,,,0.0,,14.0,0.0,0.0,,0.0,,,0.0,1.0,,,,,,,,,0.0,,,,,,1.0,,7.0,,,,,,31207.0,,,,,,0.0,,,,0.0,,0.0,,,0.0,0.0,0.0,,,,0.0,,,,,1.0,6.0,,,,0.0,12.0,,,0.0,,,,,,,,,,,,0.0,3.0,0.0,61.0,0.0,0.0,0.0,,0.0,3.0,,25.0,,,,,,0.0,,,,0.0,,,,0.0,0.0,0.0,,,14.0,,,,,,0.0,,0.0,,,,,,,,1.0,0.0,,0.0,,,0.0,,0.0,0.0,0.0,,,,,,3.0,,,,0.0,0.0,2.0,,,,,0.0,,,,,,,30.0,,,,,,24.0,,1.0,1.0,,,,1.0,0.0,,16.0,,,25.0,,,,,,,,,5.0,3.0,12.0,,,,,,12.0,,31491.0,,,
2020-02-08,0.0,,0.0,,,,,,0.0,,14.0,0.0,0.0,,0.0,,,0.0,1.0,,,,,,,,,0.0,,,,,,1.0,,7.0,,,,,,34625.0,,,,,,0.0,,,,0.0,,0.0,,,0.0,0.0,0.0,,,,0.0,,,,,1.0,11.0,,,,0.0,13.0,,,0.0,,,,,,,,,,,,0.0,3.0,0.0,64.0,0.0,0.0,0.0,,0.0,3.0,,25.0,,,,,,0.0,,,,0.0,,,,0.0,0.0,0.0,,,15.0,,,,,,0.0,,0.0,,,,,,,,1.0,0.0,,0.0,,,0.0,,0.0,0.0,0.0,,,,,,3.0,,,,0.0,0.0,2.0,,,,,0.0,,,,,,,33.0,,,,,,24.0,,1.0,1.0,,,,1.0,0.0,,17.0,,,32.0,,,,,,,,,7.0,3.0,12.0,,,,,,13.0,,34933.0,,,
2020-02-09,0.0,,0.0,,,,,,0.0,,14.0,0.0,0.0,,0.0,,,0.0,1.0,,,,,,,,,0.0,,,,,,1.0,,7.0,,,,,,37232.0,,,,,,0.0,,,,0.0,,0.0,,,0.0,0.0,0.0,,,,0.0,,,,,1.0,11.0,,,,0.0,13.0,,,0.0,,,,,,,,,,,,0.0,3.0,0.0,64.0,0.0,0.0,0.0,,0.0,3.0,,25.0,,,,,,0.0,,,,0.0,,,,0.0,0.0,0.0,,,16.0,,,,,,0.0,,0.0,,,,,,,,1.0,0.0,,0.0,,,0.0,,0.0,0.0,0.0,,,,,,3.0,,,,0.0,0.0,2.0,,,,,0.0,,,,,,,40.0,,,,,,25.0,,1.0,1.0,,,,1.0,0.0,,18.0,,,32.0,,,,,,,,,7.0,4.0,12.0,,,,,,14.0,,37552.0,,,
2020-02-10,0.0,,0.0,,,,,,0.0,,14.0,0.0,0.0,,0.0,,,0.0,1.0,,,,,,,,,0.0,,,,,,1.0,,7.0,,,,,,40206.0,,,,,,0.0,,,,0.0,,0.0,,,0.0,0.0,0.0,,,,0.0,,,,,1.0,11.0,,,,0.0,13.0,,,0.0,,,,,,,,,,,,0.0,3.0,0.0,70.0,0.0,0.0,0.0,,0.0,3.0,,25.0,,,,,,0.0,,,,0.0,,,,0.0,0.0,0.0,,,18.0,,,,,,0.0,,0.0,,,,,,,,1.0,0.0,,0.0,,,0.0,,0.0,0.0,0.0,,,,,,3.0,,,,0.0,0.0,2.0,,,,,0.0,,,,,,,43.0,,,,,,27.0,,2.0,1.0,,,,1.0,0.0,,18.0,,,32.0,,,,,,,,,7.0,4.0,12.0,,,,,,14.0,,40540.0,,,
2020-02-11,0.0,,0.0,,,,,,0.0,,14.0,0.0,0.0,,0.0,,,0.0,1.0,,,,,,,,,0.0,,,,,,1.0,,7.0,,,,,,42696.0,,,,,,0.0,,,,0.0,,0.0,,,0.0,0.0,0.0,,,,0.0,,,,,1.0,11.0,,,,0.0,13.0,,,0.0,,,,,,,,,,,,0.0,3.0,0.0,135.0,0.0,0.0,0.0,,0.0,3.0,,25.0,,,,,,0.0,,,,0.0,,,,0.0,0.0,0.0,,,18.0,,,,,,0.0,,0.0,,,,,,,,1.0,0.0,,0.0,,,0.0,,0.0,0.0,0.0,,,,,,3.0,,,,0.0,0.0,2.0,,,,,0.0,,,,,,,45.0,,,,,,28.0,,2.0,1.0,,,,1.0,0.0,,18.0,,,32.0,,,,,,,,,8.0,8.0,13.0,,,,,,15.0,,43105.0,,,
2020-02-12,0.0,,0.0,,,,,,0.0,,14.0,0.0,0.0,,0.0,,,0.0,1.0,,,,,,,,,0.0,,,,,,1.0,,7.0,,,,,,44724.0,,,,,,0.0,,,,0.0,,0.0,,,0.0,0.0,0.0,,,,0.0,,,,,1.0,11.0,,,,0.0,15.0,,,0.0,,,,,,,,,,,,0.0,3.0,0.0,174.0,0.0,0.0,0.0,,0.0,3.0,,25.0,,,,,,0.0,,,,0.0,,,,0.0,0.0,0.0,,,18.0,,,,,,0.0,,0.0,,,,,,,,1.0,0.0,,0.0,,,0.0,,0.0,0.0,0.0,,,,,,3.0,,,,0.0,0.0,2.0,,,,,0.0,,,,,,,47.0,,,,,,28.0,,2.0,1.0,,,,1.0,0.0,,18.0,,,33.0,,,,,,,,,8.0,8.0,13.0,,,,,,15.0,,45177.0,,,
2020-02-13,0.0,,0.0,,,,,,0.0,,14.0,0.0,0.0,,0.0,,,0.0,1.0,,,,,,,,,0.0,,,,,,1.0,,7.0,,,,,,59865.0,,,,,,0.0,,,,0.0,,0.0,,,0.0,0.0,0.0,,,,0.0,,,,,1.0,11.0,,,,0.0,15.0,,,0.0,,,,,,,,,,,,0.0,3.0,0.0,174.0,0.0,0.0,0.0,,0.0,3.0,,29.0,,,,,,0.0,,,,0.0,,,,0.0,0.0,0.0,,,18.0,,,,,,0.0,,0.0,,,,,,,,1.0,0.0,,0.0,,,0.0,,0.0,0.0,0.0,,,,,,3.0,,,,0.0,0.0,2.0,,,,,0.0,,,,,,,50.0,,,,,,28.0,,2.0,1.0,,,,1.0,0.0,,18.0,,,33.0,,,,,,,,,8.0,9.0,14.0,,,,,,16.0,,60328.0,,,
2020-02-14,0.0,,0.0,,,,,,0.0,,15.0,0.0,0.0,,0.0,,,0.0,1.0,,,,,,,,,0.0,,,,,,1.0,,7.0,,,,,,64021.0,,,,,,0.0,,,,0.0,,0.0,,,0.0,0.0,0.0,,,,0.0,,,,,1.0,11.0,,,,0.0,15.0,,,0.0,,,,,,,,,,,,0.0,3.0,0.0,221.0,0.0,0.0,0.0,,0.0,3.0,,30.0,,,,,,0.0,,,,0.0,,,,0.0,0.0,0.0,,,19.0,,,,,,0.0,,0.0,,,,,,,,1.0,0.0,,0.0,,,0.0,,0.0,0.0,0.0,,,,,,3.0,,,,0.0,0.0,2.0,,,,,0.0,,,,,,,58.0,,,,,,28.0,,2.0,1.0,,,,1.0,0.0,,18.0,,,33.0,,,,,,,,,8.0,9.0,15.0,,,,,,16.0,,64543.0,,,
2020-02-15,0.0,,0.0,,,,,,0.0,,15.0,0.0,0.0,,0.0,,,0.0,1.0,,,,,,,,,0.0,,,,,,1.0,,8.0,,,,,,66559.0,,,,,,0.0,,,,0.0,,0.0,,,0.0,0.0,1.0,,,,0.0,,,,,1.0,11.0,,,,0.0,15.0,,,0.0,,,,,,,,,,,,0.0,3.0,0.0,221.0,0.0,0.0,0.0,,0.0,3.0,,38.0,,,,,,0.0,,,,0.0,,,,0.0,0.0,0.0,,,21.0,,,,,,0.0,,0.0,,,,,,,,1.0,0.0,,0.0,,,0.0,,0.0,0.0,0.0,,,,,,3.0,,,,0.0,0.0,2.0,,,,,0.0,,,,,,,67.0,,,,,,28.0,,2.0,1.0,,,,1.0,0.0,,18.0,,,34.0,,,,,,,,,8.0,9.0,15.0,,,,,,16.0,,67103.0,,,
2020-02-16,0.0,,0.0,,,,,,0.0,,15.0,0.0,0.0,,0.0,,,0.0,1.0,,,,,,,,,0.0,,,,,,1.0,,8.0,,,,,,68566.0,,,,,,0.0,,,,0.0,,0.0,,,0.0,0.0,1.0,,,,0.0,,,,,1.0,11.0,,,,0.0,15.0,,,0.0,,,,,,,,,,,,0.0,3.0,0.0,355.0,0.0,0.0,0.0,,0.0,3.0,,52.0,,,,,,0.0,,,,0.0,,,,0.0,0.0,0.0,,,22.0,,,,,,0.0,,0.0,,,,,,,,1.0,0.0,,0.0,,,0.0,,0.0,0.0,0.0,,,,,,3.0,,,,0.0,0.0,2.0,,,,,0.0,,,,,,,72.0,,,,,,29.0,,2.0,1.0,,,,1.0,0.0,,18.0,,,34.0,,,,,,,,,8.0,9.0,15.0,,,,,,16.0,,69265.0,,,
2020-02-17,0.0,,0.0,,,,,,0.0,,15.0,0.0,0.0,,0.0,,,0.0,1.0,,,,,,,,,0.0,,,,,,1.0,,8.0,,,,,,70618.0,,,,,,0.0,,,,0.0,,0.0,,,0.0,0.0,1.0,,,,0.0,,,,,1.0,12.0,,,,0.0,15.0,,,0.0,,,,,,,,,,,,0.0,3.0,0.0,355.0,0.0,0.0,0.0,,0.0,3.0,,59.0,,,,,,0.0,,,,0.0,,,,0.0,0.0,0.0,,,22.0,,,,,,0.0,,0.0,,,,,,,,1.0,0.0,,0.0,,,0.0,,0.0,0.0,0.0,,,,,,3.0,,,,0.0,0.0,2.0,,,,,0.0,,,,,,,75.0,,,,,,30.0,,2.0,1.0,,,,1.0,0.0,,20.0,,,34.0,,,,,,,,,9.0,9.0,15.0,,,,,,16.0,,71332.0,,,
2020-02-18,0.0,,0.0,,,,,,0.0,,15.0,0.0,0.0,,0.0,,,0.0,1.0,,,,,,,,,0.0,,,,,,1.0,,8.0,,,,,,72508.0,,,,,,0.0,,,,0.0,,0.0,,,0.0,0.0,1.0,,,,0.0,,,,,1.0,12.0,,,,0.0,15.0,,,0.0,,,,,,,,,,,,0.0,3.0,0.0,454.0,0.0,0.0,0.0,,0.0,3.0,,59.0,,,,,,0.0,,,,0.0,,,,0.0,0.0,0.0,,,22.0,,,,,,0.0,,0.0,,,,,,,,1.0,0.0,,0.0,,,0.0,,0.0,0.0,0.0,,,,,,3.0,,,,0.0,0.0,2.0,,,,,0.0,,,,,,,77.0,,,,,,31.0,,2.0,1.0,,,,1.0,0.0,,22.0,,,35.0,,,,,,,,,9.0,9.0,15.0,,,,,,16.0,,73327.0,,,
2020-02-19,0.0,,0.0,,,,,,0.0,,15.0,0.0,0.0,,0.0,,,0.0,1.0,,,,,,,,,0.0,,,,,,1.0,,8.0,,,,,,74258.0,,,,,,0.0,,,,0.0,,0.0,,,0.0,0.0,1.0,,,,0.0,,,,,1.0,12.0,,,,0.0,15.0,,,0.0,,,,,,,,,,,,0.0,3.0,0.0,542.0,0.0,0.0,0.0,,0.0,3.0,,66.0,,,,,,0.0,,,,0.0,,,,0.0,0.0,0.0,,,22.0,,,,,,0.0,,0.0,,,,,,,,1.0,0.0,,0.0,,,0.0,,0.0,0.0,0.0,,,,,,3.0,,,,0.0,0.0,2.0,,,,,0.0,,,,,,,81.0,,,,,,46.0,,2.0,1.0,,,,1.0,0.0,,22.0,,,35.0,,,,,,,,,9.0,9.0,15.0,,,,,,16.0,,75191.0,,,
2020-02-20,0.0,,0.0,,,,,,0.0,,15.0,0.0,0.0,,0.0,,,0.0,1.0,,,,,,,,,0.0,,,,,,1.0,,8.0,,,,,,74652.0,,,,,,0.0,,,,0.0,,0.0,,,0.0,0.0,1.0,,,,0.0,,,,,1.0,12.0,,,,0.0,15.0,,,0.0,,,,,,,,,,,,0.0,3.0,0.0,621.0,2.0,0.0,0.0,,0.0,3.0,,84.0,,,,,,0.0,,,,0.0,,,,0.0,0.0,0.0,,,22.0,,,,,,0.0,,0.0,,,,,,,,1.0,0.0,,0.0,,,0.0,,0.0,0.0,0.0,,,,,,3.0,,,,0.0,0.0,2.0,,,,,0.0,,,,,,,84.0,,,,,,80.0,,2.0,1.0,,,,1.0,0.0,,24.0,,,35.0,,,,,,,,,9.0,9.0,15.0,,,,,,16.0,,75723.0,,,
2020-02-21,0.0,,0.0,,,,,,0.0,,17.0,0.0,0.0,,0.0,,,0.0,1.0,,,,,,,,,0.0,,,,,,1.0,,9.0,,,,,,75543.0,,,,,,0.0,,,,0.0,,0.0,,,0.0,0.0,1.0,,,,0.0,,,,,1.0,12.0,,,,0.0,15.0,,,0.0,,,,,,,,,,,,0.0,3.0,0.0,634.0,5.0,0.0,0.0,,0.0,3.0,,93.0,,,,,,0.0,,,,0.0,,,,0.0,0.0,0.0,,,22.0,,,,,,0.0,,0.0,,,,,,,,1.0,0.0,,0.0,,,0.0,,0.0,0.0,0.0,,,,,,3.0,,,,0.0,0.0,2.0,,,,,0.0,,,,,,,85.0,,,,,,155.0,,2.0,1.0,,,,1.0,0.0,,24.0,,,35.0,,,,,,,,,9.0,9.0,16.0,,,,,,16.0,,76719.0,,,
2020-02-22,0.0,,0.0,,,,,,0.0,,21.0,0.0,0.0,,0.0,,,0.0,1.0,,,,,,,,,0.0,,,,,,1.0,,9.0,,,,,,76369.0,,,,,,0.0,,,,0.0,,0.0,,,0.0,0.0,1.0,,,,0.0,,,,,1.0,12.0,,,,0.0,15.0,,,0.0,,,,,,,,,,,,0.0,3.0,0.0,634.0,18.0,0.0,0.0,,1.0,17.0,,105.0,,,,,,0.0,,,,1.0,,,,0.0,0.0,0.0,,,22.0,,,,,,0.0,,0.0,,,,,,,,1.0,0.0,,0.0,,,0.0,,0.0,0.0,0.0,,,,,,3.0,,,,0.0,0.0,2.0,,,,,0.0,,,,,,,86.0,,,,,,345.0,,2.0,1.0,,,,1.0,0.0,,26.0,,,35.0,,,,,,,,,11.0,9.0,35.0,,,,,,16.0,,77804.0,,,
2020-02-23,0.0,,0.0,,,,,,0.0,,22.0,0.0,0.0,,0.0,,,0.0,1.0,,,,,,,,,0.0,,,,,,1.0,,9.0,,,,,,77016.0,,,,,,0.0,,,,0.0,,0.0,,,0.0,0.0,1.0,,,,0.0,,,,,1.0,12.0,,,,0.0,15.0,,,0.0,,,,,,,,,,,,0.0,3.0,0.0,634.0,28.0,0.0,0.0,,1.0,79.0,,132.0,,,,,,0.0,,,,1.0,,,,0.0,0.0,0.0,,,22.0,,,,,,0.0,,0.0,,,,,,,,1.0,0.0,,0.0,,,0.0,,0.0,0.0,0.0,,,,,,3.0,,,,0.0,0.0,2.0,,,,,0.0,,,,,,,89.0,,,,,,601.0,,2.0,1.0,,,,1.0,0.0,,26.0,,,35.0,,,,,,,,,13.0,9.0,35.0,,,,,,16.0,,78812.0,,,
2020-02-24,0.0,,0.0,,,,,,0.0,,22.0,0.0,0.0,,1.0,,,0.0,1.0,,,,,,,,,0.0,,,,,,1.0,,9.0,,,,,,77234.0,,,,,,0.0,,,,0.0,,0.0,,,0.0,0.0,1.0,,,,0.0,,,,,1.0,12.0,,,,0.0,15.0,,,0.0,,,,,,,,,,,,0.0,3.0,0.0,691.0,43.0,0.0,0.0,,2.0,132.0,,144.0,,,,,,3.0,,,,1.0,,,,0.0,0.0,0.0,,,22.0,,,,,,0.0,,0.0,,,,,,,,1.0,0.0,,0.0,,,0.0,,0.0,0.0,0.0,,,,,,3.0,,,,0.0,0.0,2.0,,,,,0.0,,,,,,,89.0,,,,,,762.0,,2.0,1.0,,,,1.0,0.0,,28.0,,,35.0,,,,,,,,,13.0,13.0,35.0,,,,,,16.0,,79339.0,,,
2020-02-25,1.0,,0.0,,,,,,0.0,,22.0,0.0,0.0,,2.0,,,0.0,1.0,,,,,,,,,0.0,,,,,,1.0,,11.0,,,,,,77749.0,,,,,,0.0,,,,0.0,,0.0,,,0.0,0.0,1.0,,,,0.0,,,,,1.0,12.0,,,,0.0,15.0,,,0.0,,,,,,,,,,,,0.0,3.0,0.0,691.0,61.0,1.0,0.0,,2.0,229.0,,144.0,,,,,,5.0,,,,1.0,,,,0.0,0.0,0.0,,,22.0,,,,,,0.0,,0.0,,,,,,,,1.0,0.0,,0.0,,,0.0,,0.0,2.0,0.0,,,,,,3.0,,,,0.0,0.0,2.0,,,,,0.0,,,,,,,90.0,,,,,,892.0,,3.0,1.0,,,,1.0,0.0,,30.0,,,37.0,,,,,,,,,13.0,13.0,53.0,,,,,,16.0,,80132.0,,,
2020-02-26,1.0,,1.0,,,,,,0.0,,22.0,2.0,0.0,,23.0,,,0.0,1.0,,,,,,,,,1.0,,,,,,1.0,,11.0,,,,,,78159.0,,,,,,1.0,,,,0.0,,0.0,,,0.0,0.0,1.0,,,,0.0,,,,,1.0,14.0,,,,0.0,17.0,,,0.0,,,,,,,,,,,,0.0,3.0,0.0,691.0,95.0,5.0,0.0,,2.0,322.0,,164.0,,,,,,11.0,,,,1.0,,,,0.0,0.0,0.0,,,22.0,,,,,,0.0,,0.0,,,,,,,,1.0,0.0,,0.0,,,0.0,,0.0,4.0,0.0,,,,,,3.0,,,,0.0,0.0,2.0,,,,,0.0,,,,,,,91.0,,,,,,1146.0,,7.0,1.0,,,,1.0,1.0,,31.0,,,40.0,,,,,,,,,13.0,13.0,53.0,,,,,,16.0,,80995.0,,,
2020-02-27,1.0,,1.0,,,,,,0.0,,23.0,2.0,0.0,,33.0,,,0.0,1.0,,,,,,,,,1.0,,,,,,1.0,,12.0,,,,,,78598.0,,,,,,2.0,,,,0.0,,1.0,,,0.0,0.0,1.0,,,,0.0,,,,,2.0,17.0,,,,1.0,21.0,,,1.0,,,,,,,,,,,,0.0,3.0,0.0,705.0,139.0,5.0,0.0,,2.0,400.0,,186.0,,,,,,26.0,,,,2.0,,,,0.0,0.0,1.0,,,22.0,,,,,,0.0,,0.0,,,,,,,,1.0,0.0,,0.0,,,0.0,,1.0,4.0,2.0,,,,,,3.0,,,,0.0,1.0,2.0,,,,,0.0,,,,,,,93.0,,,,,,1595.0,,12.0,1.0,,,,2.0,1.0,,32.0,,,40.0,,,,,,,,,13.0,13.0,59.0,,,,,,16.0,,82101.0,,,
2020-02-28,1.0,,1.0,,,,,,0.0,,23.0,5.0,0.0,,33.0,,,1.0,1.0,,,,,,,,,1.0,,,,,,1.0,,14.0,,,,,,78927.0,,,,,,3.0,,,,0.0,,1.0,,,0.0,0.0,1.0,,,,1.0,,,,,2.0,38.0,,,,1.0,47.0,,,3.0,,,,,,,,,,,,0.0,3.0,0.0,705.0,245.0,6.0,0.0,,3.0,650.0,,210.0,,,,,,43.0,,,,3.0,,,,1.0,0.0,1.0,,,23.0,,,,,,0.0,,0.0,,,,,,,,1.0,1.0,,1.0,,,1.0,,4.0,6.0,2.0,,,,,,3.0,,,,0.0,1.0,2.0,,,,,1.0,,,,,,,96.0,,,,,,2022.0,,25.0,1.0,,,,7.0,8.0,,34.0,,,40.0,,,,,,,,,19.0,16.0,60.0,,,,,,16.0,,83365.0,,,
2020-02-29,1.0,,1.0,,,,,,0.0,,25.0,7.0,1.0,,38.0,,,1.0,1.0,,,,,,,,,1.0,,,,,,1.0,,16.0,,,,,,79355.0,,,,,,5.0,,,,0.0,,2.0,,,0.0,0.0,1.0,,,,1.0,,,,,3.0,57.0,,,,2.0,57.0,,,4.0,,,,,,,,,,,,1.0,3.0,0.0,705.0,388.0,7.0,0.0,,7.0,888.0,,230.0,,,,,,45.0,,,,3.0,,,,1.0,0.0,1.0,,,25.0,,,,,,2.0,,1.0,,,,,,,,1.0,2.0,,1.0,,,1.0,,6.0,6.0,2.0,,,,,,3.0,,,,0.0,3.0,2.0,,,,,1.0,,,,,,,98.0,,,,,,2931.0,,34.0,1.0,,,,12.0,12.0,,39.0,,,42.0,,,,,,,,,19.0,18.0,66.0,,,,,,16.0,,85203.0,,,
2020-03-01,1.0,,3.0,,,,,,1.0,,26.0,10.0,1.0,,41.0,,,1.0,1.0,,,,,,,,,2.0,,,,,,1.0,,20.0,,,,,,79929.0,,,,,,5.0,,,,0.0,,3.0,,,0.0,1.0,1.0,,,,1.0,,,,,3.0,100.0,,,,3.0,111.0,,,7.0,,,,,,,,,,,,1.0,3.0,0.0,705.0,593.0,13.0,1.0,,7.0,1128.0,,239.0,,,,,,45.0,,,,4.0,,,,1.0,1.0,1.0,,,25.0,,,,,,4.0,,1.0,,,,,,,,1.0,7.0,,1.0,,,1.0,,15.0,6.0,4.0,,,,,,3.0,,,,1.0,3.0,2.0,,,,,1.0,,,,,,,102.0,,,,,,3526.0,,66.0,1.0,,,,13.0,18.0,,40.0,,,42.0,,,,,,,,,21.0,23.0,69.0,,,,,,16.0,,87026.0,,,
2020-03-02,1.0,,3.0,,,,,,1.0,,29.0,14.0,3.0,,47.0,,,1.0,2.0,,,,,,,,,2.0,,,,,,1.0,,24.0,,,,,,80134.0,,,,,,7.0,,,,3.0,,4.0,,,1.0,6.0,2.0,,,,1.0,,,,,6.0,130.0,,,,3.0,129.0,,,7.0,,,,,,,,,,,,3.0,3.0,2.0,705.0,978.0,19.0,1.0,,10.0,1689.0,,254.0,,,,,,46.0,,,,10.0,,,,1.0,1.0,1.0,,,29.0,,,,,,5.0,,1.0,,,,,,,,1.0,13.0,,1.0,,,1.0,,19.0,6.0,4.0,,,,,,3.0,,,,3.0,3.0,2.0,,,,,8.0,,,,,,,106.0,,,,,,4212.0,,83.0,1.0,,,,14.0,24.0,,40.0,,,43.0,,,,,,,,,21.0,36.0,89.0,,,,,,16.0,,89068.0,,,
2020-03-03,,,,1.0,,,,,,,33.0,18.0,,,,,,,8.0,,,,,,,,,2.0,,,,,,,,27.0,,,,,,80261.0,,,,,,8.0,,,,5.0,,5.0,,,,7.0,,,,,,,,,,,178.0,,,,,157.0,,,,,,,,,,,,,,,6.0,5.0,,,1501.0,21.0,,,,2036.0,,254.0,,1.0,,,,56.0,,,1.0,13.0,,,,,,,,,,,,,,,,,,,,,1.0,,,,,18.0,,,,,,,25.0,7.0,,,,,,,,,2.0,,,,3.0,,,,,,,1.0,1.0,,,,108.0,1.0,,,,,4812.0,,114.0,,,,,15.0,30.0,,41.0,,,,,,,1.0,,,,,,40.0,103.0,,,,,,,,90865.0,,,
2020-03-04,,,5.0,,,,,1.0,,,41.0,24.0,,,49.0,,,4.0,13.0,,,,,,,,,2.0,,,,,,,,30.0,,,,,1.0,80380.0,,,,,,9.0,,,,5.0,,8.0,,,,,,,,,2.0,,,,,7.0,212.0,,,,,196.0,,,,,,,,,,,,,,,16.0,6.0,,,2336.0,26.0,2.0,,,2502.0,,268.0,,,,,,,,,,,,,,,,,,,36.0,,,,,,,,,,,,,,,,,28.0,,2.0,,,,,33.0,,5.0,,,,,,,1.0,4.0,,8.0,4.0,4.0,,,,,10.0,,,,,,,110.0,,,,,,5328.0,,151.0,,,,,24.0,37.0,,42.0,,,,,,,,,,,1.0,27.0,51.0,125.0,,,,,,,,93077.0,,,
2020-03-05,,,12.0,,,,,,,,52.0,29.0,,,52.0,,,6.0,23.0,,,,,,,,,3.0,,,,,,,,33.0,,,,,3.0,80497.0,,,,,,,,,,8.0,,10.0,,,,10.0,,,,,,,,,,,285.0,,,,3.0,262.0,,,10.0,,,,,,,,,,,2.0,26.0,28.0,,,2922.0,31.0,6.0,,15.0,3089.0,,317.0,,,,,,,,,,,,,1.0,,,,,,50.0,,,,,,,,,,,,,,,,,38.0,,3.0,,,,,56.0,15.0,,,,,,,,,5.0,,,,4.0,,,,,15.0,,,3.0,,,,112.0,,,1.0,,,5766.0,,200.0,,,,,35.0,57.0,,,,,47.0,,,,,,,,,,85.0,159.0,,,,,,,,95316.0,,,
2020-03-06,,,17.0,,,,,2.0,,,59.0,41.0,6.0,,52.0,,,,50.0,,,,1.0,,,2.0,,8.0,,,,,,,,45.0,,,,,4.0,80667.0,,,,,,10.0,,,,12.0,,20.0,,,,13.0,3.0,,,,5.0,,,,,12.0,423.0,,,,9.0,400.0,,,32.0,,,,,,,,,,,,35.0,29.0,,,3513.0,38.0,13.0,,17.0,3858.0,,349.0,,,,,,58.0,,,,16.0,,,,,,,,,50.0,,,,,,,,,,,,2.0,,,,,82.0,,4.0,,,,,86.0,16.0,,7.0,,,,,,,9.0,,,6.0,4.0,,,,,22.0,,5.0,4.0,,,,117.0,,,6.0,,1.0,6284.0,,261.0,,,,,61.0,87.0,,44.0,,,,,,,,,,,,29.0,115.0,233.0,,,,,,,,98172.0,,,
2020-03-07,,,,,,,,8.0,,,63.0,74.0,9.0,,56.0,,,,109.0,,,,,,,,,13.0,,,,,,,1.0,51.0,,,,,5.0,80768.0,1.0,,,1.0,,11.0,,,,19.0,,23.0,,,2.0,,15.0,,,,10.0,,,,,19.0,613.0,,,,,684.0,,,45.0,,,,,,,,,,,4.0,43.0,31.0,4.0,,4747.0,,18.0,,19.0,4636.0,,408.0,,,,,,,,,,22.0,,,,,3.0,3.0,,,83.0,,,,,,,,,,,,,,,,,128.0,,5.0,,,,,113.0,,6.0,16.0,,,,1.0,5.0,5.0,13.0,,11.0,7.0,10.0,,,,,23.0,,,,1.0,,,130.0,,1.0,9.0,,,6767.0,,374.0,,,,,137.0,209.0,,45.0,,,50.0,,1.0,,,,,,,,163.0,338.0,,,,1.0,,17.0,,102133.0,,,
2020-03-08,4.0,,,,,,,9.0,,,74.0,99.0,,,63.0,,,,169.0,,,,,,,,,13.0,,,2.0,,,2.0,,57.0,,,,,,80814.0,,,,,,12.0,,,,26.0,,31.0,,,,,,,,,,,,,,,716.0,,,,12.0,847.0,,,66.0,,,,,,,,,,,7.0,53.0,34.0,,,5823.0,54.0,19.0,,25.0,5883.0,,455.0,,1.0,,,,61.0,,,2.0,,,,,,,,,,93.0,2.0,,3.0,,,,1.0,,,,,,,,,,188.0,,,,,,,147.0,,,19.0,,,1.0,,6.0,6.0,21.0,,12.0,13.0,10.0,,,,,26.0,,7.0,,,,,138.0,,3.0,12.0,,2.0,7134.0,,430.0,,,,,161.0,264.0,,45.0,,,,,,,,,,,,45.0,206.0,433.0,,,,,,21.0,,105824.0,,,
2020-03-09,,2.0,20.0,,,,,12.0,,,80.0,102.0,,,79.0,3.0,,,200.0,,,,,,,,,25.0,,,4.0,,,,2.0,62.0,,,,,10.0,80859.0,,,,5.0,,,,,,32.0,,38.0,,,,14.0,49.0,,,,,,,,,30.0,1126.0,,,,13.0,902.0,,,73.0,,,,,,,,,,,8.0,55.0,,6.0,,6566.0,61.0,21.0,,39.0,7375.0,,488.0,,,,,,64.0,,,3.0,32.0,,,,,5.0,,,,99.0,4.0,,,,,7.0,,,,,,,,,,,265.0,,,,,,,169.0,,,,,,,7.0,10.0,11.0,30.0,,15.0,15.0,10.0,,,,,37.0,,11.0,,,,,150.0,,5.0,16.0,,3.0,7382.0,,589.0,,,,,203.0,332.0,,45.0,,,,,,,,,,,,,273.0,554.0,,,,,,30.0,,109695.0,,,
2020-03-10,,6.0,,,,,,,,,100.0,131.0,,,109.0,,,,239.0,,,,,,,,,25.0,,1.0,,,,,,77.0,,,,,13.0,80879.0,3.0,,,9.0,,,,,2.0,40.0,,113.0,,,5.0,15.0,55.0,,,,,,,,,40.0,1412.0,,,,15.0,1139.0,,,84.0,,,,,,,,,,,9.0,65.0,44.0,,696.0,7161.0,,,,,9172.0,,514.0,,,,,,65.0,,,6.0,41.0,,,,,,,,,117.0,,,4.0,,,,,,1.0,,,,,,,,321.0,,,,,2.0,,192.0,18.0,16.0,20.0,1.0,,,9.0,33.0,17.0,39.0,,18.0,17.0,10.0,,,,,49.0,,15.0,,,,,160.0,,,,,7.0,7513.0,,1204.0,,,,,248.0,374.0,,,,,,,,,2.0,,,,,59.0,321.0,754.0,,,,,,34.0,,114235.0,,,
2020-03-11,7.0,10.0,,,,,,19.0,,,112.0,182.0,11.0,,110.0,,,9.0,267.0,,,,,,,,,34.0,,,,2.0,,,,93.0,,,,,17.0,80908.0,,,,13.0,,13.0,,,,63.0,1.0,264.0,,,,17.0,59.0,,,,13.0,,,,,,1784.0,,,,23.0,1296.0,,,90.0,,,,,,,,,,,12.0,70.0,50.0,19.0,,8042.0,61.0,35.0,,70.0,10149.0,,568.0,,,,,,69.0,,,8.0,41.0,,,,3.0,7.0,7.0,,,129.0,6.0,,,,,,3.0,,,,,,,,,,382.0,,,,,,,277.0,18.0,16.0,29.0,7.0,,5.0,11.0,33.0,22.0,41.0,,24.0,25.0,10.0,,,,,62.0,,20.0,,5.0,,,166.0,,7.0,31.0,,,7755.0,,1639.0,,,,,326.0,490.0,,48.0,,,59.0,,,,5.0,,,,,74.0,373.0,1025.0,,,,,,38.0,,118613.0,,,
2020-03-12,,11.0,20.0,,,,,,4.0,,126.0,246.0,13.0,,162.0,,,12.0,314.0,,,,,2.0,,3.0,,52.0,,11.0,7.0,2.0,,3.0,,103.0,,,,,23.0,80932.0,9.0,,,22.0,1.0,16.0,3.0,,6.0,94.0,,516.0,,,,,60.0,,,,16.0,,,,,59.0,2281.0,,,,24.0,1567.0,,,99.0,,,,,,,,,,2.0,13.0,85.0,73.0,34.0,,9000.0,70.0,43.0,,82.0,12462.0,2.0,619.0,,,,,,72.0,,,10.0,61.0,,,3.0,3.0,7.0,,,,149.0,8.0,,6.0,,,11.0,4.0,,,,,5.0,,,,,503.0,,,,,,,489.0,,20.0,30.0,14.0,,,17.0,49.0,31.0,59.0,,262.0,45.0,25.0,,,,,66.0,,45.0,,18.0,,,178.0,,10.0,57.0,,13.0,7869.0,,2140.0,2.0,,,,462.0,642.0,,48.0,,,70.0,,,,7.0,1.0,,,,,456.0,1312.0,,,,,,39.0,,125497.0,,,
2020-03-13,,23.0,25.0,,,,,31.0,6.0,2.0,156.0,361.0,13.0,,162.0,,,21.0,399.0,,,,1.0,3.0,,3.0,,77.0,,25.0,23.0,,,5.0,,138.0,,,,,33.0,80954.0,,,,23.0,,25.0,,1.0,,116.0,,676.0,,,,,80.0,,,,27.0,,,,,155.0,2876.0,,1.0,,25.0,2369.0,2.0,,133.0,,,,,,,,1.0,,,16.0,117.0,75.0,,,10075.0,74.0,70.0,,96.0,15113.0,6.0,675.0,,,,,,80.0,,,16.0,66.0,,,4.0,,26.0,9.0,,,158.0,,,9.0,,,16.0,6.0,,,,,6.0,,,,,614.0,,,,,,,621.0,,21.0,,27.0,,6.0,22.0,52.0,49.0,78.0,,,64.0,30.0,,,,1.0,67.0,,62.0,6.0,24.0,,,187.0,,21.0,96.0,,17.0,7979.0,,3004.0,3.0,,,,620.0,854.0,,49.0,,,,,,1.0,13.0,2.0,,,3.0,85.0,590.0,1663.0,,,,,,44.0,,133853.0,,,
2020-03-14,,33.0,26.0,2.0,,,,34.0,13.0,,197.0,504.0,,,210.0,,,,559.0,,,,,10.0,,,,98.0,,37.0,31.0,,,,,176.0,,,,,43.0,80973.0,16.0,,,26.0,,31.0,4.0,,14.0,150.0,2.0,804.0,,,11.0,23.0,93.0,,,,79.0,1.0,,,,183.0,3661.0,,,,30.0,3062.0,,,190.0,,,,,,1.0,,,,3.0,25.0,117.0,83.0,69.0,,11364.0,85.0,91.0,,116.0,17660.0,8.0,737.0,,,,1.0,,100.0,,,19.0,,,,4.0,6.0,38.0,13.0,,,197.0,9.0,,12.0,,,26.0,8.0,,,,,7.0,,,,,804.0,,6.0,,,,,621.0,20.0,21.0,35.0,36.0,,7.0,38.0,64.0,68.0,112.0,,320.0,89.0,45.0,,,,,73.0,,86.0,19.0,41.0,,,200.0,,30.0,141.0,,24.0,8086.0,,4231.0,6.0,1.0,,,775.0,1121.0,,53.0,,,82.0,,,2.0,16.0,,,,,,707.0,2174.0,,,,,,53.0,,143259.0,,,
2020-03-15,10.0,38.0,37.0,,,,1.0,45.0,20.0,,249.0,655.0,19.0,,211.0,3.0,,,689.0,,,,1.0,10.0,,,,121.0,,40.0,41.0,3.0,,7.0,3.0,244.0,,,,,61.0,80995.0,34.0,,,27.0,4.0,37.0,4.0,,21.0,214.0,2.0,827.0,,,11.0,28.0,93.0,,1.0,,115.0,1.0,,,,210.0,4499.0,,1.0,,30.0,3795.0,2.0,,228.0,,,,1.0,,1.0,,,,,31.0,138.0,90.0,96.0,,12729.0,85.0,129.0,,178.0,21157.0,,780.0,,1.0,6.0,1.0,,104.0,,,26.0,93.0,,,4.0,9.0,,,,,238.0,9.0,,18.0,1.0,,41.0,20.0,3.0,1.0,,,18.0,,,2.0,1.0,959.0,,8.0,,,2.0,,907.0,20.0,30.0,38.0,43.0,,,43.0,111.0,104.0,169.0,,337.0,113.0,59.0,1.0,,2.0,,92.0,,86.0,21.0,46.0,2.0,,214.0,,44.0,181.0,,24.0,8162.0,,5753.0,11.0,1.0,1.0,1.0,924.0,1359.0,,59.0,,,82.0,,1.0,2.0,16.0,,,,,85.0,1140.0,2951.0,,6.0,,,10.0,53.0,,154774.0,,,
2020-03-16,16.0,42.0,48.0,5.0,,,,56.0,30.0,,298.0,860.0,19.0,1.0,214.0,,,27.0,886.0,,,,,,,18.0,,200.0,,50.0,51.0,3.0,,12.0,4.0,304.0,,,1.0,,75.0,81020.0,45.0,,1.0,35.0,4.0,48.0,,,30.0,298.0,2.0,875.0,,,11.0,37.0,110.0,,1.0,,171.0,4.0,,,,267.0,5423.0,,1.0,,30.0,4838.0,2.0,,331.0,,,,1.0,,,,4.0,,6.0,39.0,178.0,93.0,117.0,,13938.0,124.0,169.0,,250.0,23980.0,10.0,814.0,,15.0,9.0,3.0,2.0,112.0,,,31.0,99.0,,,7.0,14.0,77.0,13.0,,,428.0,13.0,,21.0,1.0,,53.0,23.0,7.0,,,,28.0,,,2.0,,1135.0,,,,,2.0,,1077.0,22.0,31.0,38.0,43.0,,8.0,71.0,140.0,125.0,245.0,,401.0,139.0,63.0,5.0,,2.0,,98.0,,118.0,26.0,55.0,3.0,,226.0,,61.0,219.0,,51.0,8236.0,,7753.0,19.0,1.0,,1.0,1032.0,2200.0,,59.0,,,114.0,,1.0,4.0,18.0,18.0,,,3.0,86.0,1391.0,3774.0,,8.0,6.0,1.0,15.0,57.0,,167418.0,,,
2020-03-17,21.0,51.0,58.0,14.0,,,,65.0,52.0,,375.0,1016.0,19.0,1.0,221.0,5.0,,36.0,1085.0,,1.0,,1.0,11.0,,21.0,,234.0,,54.0,62.0,20.0,,24.0,4.0,424.0,,,1.0,,156.0,81063.0,57.0,,1.0,41.0,5.0,56.0,,,40.0,344.0,3.0,932.0,,,11.0,58.0,126.0,,1.0,,205.0,5.0,,,,272.0,6633.0,,1.0,,33.0,6012.0,6.0,,352.0,,,,6.0,,1.0,,4.0,,8.0,50.0,199.0,125.0,134.0,,14991.0,124.0,223.0,,260.0,27980.0,10.0,824.0,,16.0,11.0,3.0,2.0,123.0,,,36.0,120.0,1.0,,7.0,17.0,81.0,19.0,,,553.0,13.0,,30.0,1.0,,82.0,29.0,9.0,,,,37.0,,0.0,2.0,1.0,1413.0,,,,,2.0,,1169.0,24.0,187.0,39.0,69.0,,9.0,86.0,142.0,177.0,331.0,,439.0,184.0,93.0,5.0,,2.0,,102.0,,133.0,27.0,57.0,4.0,,243.0,,84.0,253.0,1.0,62.0,8320.0,,9191.0,29.0,1.0,,1.0,1121.0,2200.0,,67.0,,1.0,177.0,,1.0,5.0,20.0,47.0,,,5.0,98.0,1543.0,4661.0,,29.0,8.0,1.0,33.0,61.0,,180094.0,,,
2020-03-18,22.0,55.0,60.0,14.0,,,,79.0,78.0,,454.0,1332.0,28.0,,237.0,8.0,1.0,36.0,1243.0,,1.0,,1.0,12.0,,21.0,,291.0,,56.0,81.0,20.0,,24.0,10.0,569.0,,,1.0,,201.0,81086.0,65.0,,1.0,50.0,5.0,69.0,7.0,,40.0,434.0,3.0,1024.0,,,11.0,111.0,166.0,,1.0,,225.0,5.0,,,,319.0,7730.0,,1.0,1.0,34.0,7156.0,6.0,,387.0,,,,6.0,,1.0,,4.0,,9.0,50.0,247.0,137.0,172.0,,16169.0,154.0,292.0,,427.0,31506.0,13.0,829.0,,35.0,33.0,4.0,19.0,130.0,,,61.0,120.0,2.0,,7.0,25.0,140.0,31.0,,,673.0,13.0,,38.0,1.0,,93.0,30.0,9.0,4.0,2.0,,44.0,,,2.0,1.0,1705.0,,20.0,,,3.0,,1308.0,24.0,187.0,41.0,86.0,,11.0,117.0,187.0,238.0,448.0,,442.0,217.0,114.0,7.0,,2.0,,104.0,,133.0,31.0,72.0,4.0,,266.0,,97.0,275.0,1.0,85.0,8413.0,,11178.0,42.0,1.0,,1.0,1167.0,2650.0,,77.0,,1.0,177.0,,1.0,7.0,24.0,98.0,,,14.0,113.0,1950.0,6427.0,,50.0,16.0,1.0,33.0,68.0,,194843.0,,,
2020-03-19,22.0,59.0,72.0,53.0,,,,97.0,115.0,,565.0,1646.0,34.0,,256.0,10.0,1.0,46.0,1486.0,,1.0,,1.0,12.0,,36.0,,428.0,,68.0,92.0,26.0,,24.0,10.0,690.0,,,1.0,,238.0,81130.0,102.0,,3.0,69.0,6.0,81.0,11.0,,58.0,522.0,14.0,1115.0,1.0,,21.0,168.0,196.0,1.0,3.0,,258.0,6.0,,,,369.0,9134.0,3.0,3.0,1.0,34.0,8198.0,7.0,,418.0,,,3.0,8.0,,1.0,,5.0,,12.0,73.0,250.0,165.0,172.0,,17361.0,164.0,366.0,,433.0,35713.0,15.0,873.0,,52.0,37.0,7.0,19.0,142.0,3.0,,71.0,133.0,2.0,,25.0,33.0,210.0,42.0,,,790.0,13.0,,48.0,1.0,,118.0,36.0,9.0,5.0,8.0,,54.0,,,2.0,1.0,2051.0,,28.0,1.0,,8.0,,1423.0,39.0,302.0,44.0,109.0,,11.0,145.0,202.0,287.0,642.0,,452.0,260.0,147.0,11.0,,2.0,,109.0,,171.0,36.0,94.0,6.0,,313.0,,107.0,286.0,1.0,116.0,8565.0,,13716.0,42.0,2.0,,1.0,1301.0,3010.0,,108.0,,3.0,177.0,,1.0,9.0,29.0,191.0,,,19.0,113.0,2630.0,9415.0,,79.0,23.0,1.0,33.0,76.0,,213149.0,,2.0,
2020-03-20,22.0,70.0,90.0,75.0,,,,128.0,122.0,4.0,709.0,2196.0,44.0,3.0,269.0,10.0,2.0,57.0,1795.0,,2.0,2.0,1.0,15.0,,44.0,,621.0,,73.0,105.0,33.0,,24.0,14.0,846.0,,1.0,1.0,1.0,342.0,81229.0,128.0,,3.0,87.0,9.0,104.0,16.0,3.0,58.0,694.0,14.0,1151.0,1.0,,21.0,199.0,210.0,1.0,4.0,,267.0,7.0,72.0,,1.0,400.0,10995.0,3.0,3.0,1.0,40.0,14138.0,11.0,10.0,464.0,2.0,,12.0,9.0,1.0,1.0,,5.0,2.0,24.0,85.0,330.0,191.0,227.0,,18407.0,177.0,557.0,,677.0,41035.0,16.0,950.0,5.0,56.0,49.0,7.0,21.0,148.0,6.0,,86.0,149.0,2.0,,25.0,48.0,345.0,48.0,,,900.0,13.0,,53.0,2.0,3.0,164.0,49.0,11.0,5.0,13.0,,63.0,,,2.0,1.0,2460.0,,39.0,1.0,,8.0,,1552.0,39.0,478.0,47.0,137.0,,13.0,234.0,230.0,355.0,785.0,,460.0,277.0,199.0,11.0,,2.0,,126.0,,238.0,36.0,126.0,6.0,,345.0,,123.0,319.0,1.0,150.0,8652.0,,17147.0,53.0,2.0,,1.0,1423.0,3888.0,,108.0,,3.0,212.0,,1.0,9.0,39.0,359.0,,,26.0,140.0,3277.0,14250.0,,94.0,23.0,1.0,33.0,87.0,,242374.0,,2.0,
2020-03-21,24.0,70.0,102.0,75.0,,,1.0,158.0,136.0,,874.0,2649.0,44.0,4.0,285.0,17.0,6.0,57.0,2257.0,,2.0,2.0,2.0,19.0,,44.0,,904.0,,78.0,127.0,40.0,,47.0,27.0,971.0,2.0,3.0,1.0,1.0,434.0,81281.0,158.0,,3.0,113.0,14.0,126.0,21.0,,67.0,904.0,14.0,1255.0,1.0,,34.0,426.0,256.0,3.0,4.0,,283.0,9.0,80.0,,1.0,450.0,12612.0,15.0,3.0,1.0,43.0,18187.0,16.0,10.0,495.0,2.0,,14.0,13.0,1.0,2.0,,5.0,2.0,24.0,103.0,409.0,231.0,309.0,,19644.0,193.0,683.0,1.0,712.0,47021.0,19.0,1007.0,12.0,69.0,53.0,7.0,24.0,159.0,6.0,,111.0,163.0,2.0,,34.0,69.0,484.0,70.0,3.0,,1030.0,13.0,,64.0,2.0,12.0,203.0,66.0,12.0,6.0,14.0,1.0,86.0,,,3.0,1.0,2994.0,2.0,53.0,2.0,1.0,12.0,,1742.0,48.0,495.0,48.0,200.0,1.0,18.0,263.0,230.0,425.0,1020.0,,470.0,308.0,253.0,17.0,,2.0,,151.0,,274.0,47.0,135.0,7.0,,385.0,,137.0,341.0,1.0,205.0,8799.0,,19980.0,66.0,2.0,1.0,1.0,1623.0,4840.0,,135.0,,3.0,366.0,,9.0,9.0,54.0,670.0,,,26.0,140.0,3983.0,19624.0,,110.0,33.0,1.0,36.0,88.0,,271116.0,,2.0,1.0
2020-03-22,24.0,76.0,139.0,88.0,2.0,,1.0,225.0,160.0,,1098.0,3024.0,53.0,4.0,306.0,24.0,14.0,76.0,2815.0,,2.0,2.0,2.0,20.0,,92.0,,1128.0,,83.0,163.0,64.0,,51.0,27.0,1302.0,3.0,3.0,3.0,2.0,537.0,81346.0,210.0,,4.0,117.0,17.0,206.0,25.0,,84.0,995.0,23.0,1326.0,1.0,,112.0,532.0,285.0,3.0,6.0,1.0,306.0,9.0,92.0,,2.0,521.0,14459.0,17.0,3.0,1.0,49.0,21463.0,21.0,10.0,530.0,2.0,,15.0,17.0,1.0,2.0,,5.0,2.0,26.0,131.0,473.0,320.0,450.0,,20610.0,214.0,785.0,2.0,883.0,53578.0,19.0,1046.0,12.0,84.0,56.0,7.0,24.0,176.0,14.0,,124.0,230.0,3.0,,36.0,105.0,670.0,85.0,3.0,,1183.0,13.0,,73.0,2.0,14.0,251.0,80.0,18.0,10.0,14.0,1.0,96.0,,,3.0,1.0,3631.0,4.0,66.0,2.0,1.0,22.0,,1926.0,52.0,646.0,52.0,245.0,1.0,22.0,318.0,380.0,536.0,1280.0,,481.0,367.0,306.0,17.0,,2.0,,151.0,,392.0,56.0,149.0,7.0,,432.0,,178.0,383.0,1.0,240.0,8897.0,,24926.0,78.0,2.0,5.0,1.0,1746.0,6077.0,,153.0,,6.0,599.0,1.0,15.0,49.0,60.0,947.0,,1.0,41.0,153.0,5018.0,26747.0,,135.0,33.0,1.0,36.0,95.0,,305235.0,,2.0,2.0
2020-03-23,34.0,89.0,201.0,113.0,2.0,,1.0,266.0,190.0,,1709.0,3631.0,65.0,4.0,334.0,27.0,17.0,76.0,3401.0,,2.0,6.0,2.0,27.0,,125.0,,1546.0,,88.0,185.0,64.0,,86.0,27.0,1430.0,3.0,3.0,4.0,2.0,632.0,81484.0,235.0,,4.0,134.0,25.0,235.0,35.0,,95.0,1165.0,26.0,1395.0,1.0,1.0,202.0,789.0,294.0,3.0,6.0,1.0,326.0,11.0,115.0,,3.0,626.0,16018.0,18.0,6.0,1.0,54.0,24774.0,24.0,15.0,624.0,2.0,1.0,27.0,19.0,17.0,2.0,,5.0,2.0,27.0,167.0,568.0,439.0,514.0,,21638.0,233.0,906.0,2.0,1071.0,59138.0,19.0,1089.0,15.0,99.0,60.0,15.0,31.0,188.0,14.0,,139.0,248.0,3.0,,46.0,143.0,798.0,114.0,3.0,,1306.0,13.0,,90.0,2.0,28.0,316.0,94.0,23.0,10.0,21.0,1.0,115.0,1.0,,3.0,1.0,4204.0,5.0,102.0,2.0,1.0,30.0,,2132.0,55.0,784.0,59.0,313.0,1.0,22.0,363.0,380.0,634.0,1600.0,,494.0,433.0,438.0,19.0,,2.0,,151.0,,511.0,67.0,188.0,7.0,,455.0,,185.0,414.0,1.0,274.0,8961.0,,28572.0,87.0,2.0,5.0,4.0,1906.0,6971.0,1.0,165.0,,12.0,721.0,1.0,15.0,50.0,75.0,1236.0,,1.0,47.0,153.0,5683.0,35206.0,,158.0,46.0,1.0,36.0,121.0,,338235.0,,3.0,2.0
2020-03-24,40.0,100.0,230.0,133.0,2.0,,1.0,301.0,194.0,12.0,1823.0,4486.0,72.0,4.0,339.0,33.0,17.0,81.0,3743.0,1.0,5.0,6.0,2.0,28.0,,129.0,,1891.0,,91.0,201.0,75.0,,87.0,56.0,1646.0,3.0,3.0,4.0,2.0,746.0,81553.0,306.0,,4.0,158.0,25.0,306.0,40.0,6.0,116.0,1236.0,26.0,1460.0,3.0,1.0,245.0,981.0,327.0,5.0,9.0,1.0,352.0,11.0,118.0,,4.0,700.0,19856.0,23.0,6.0,2.0,61.0,29212.0,27.0,15.0,695.0,4.0,1.0,29.0,20.0,20.0,2.0,,5.0,5.0,30.0,187.0,588.0,492.0,579.0,,23049.0,266.0,1125.0,13.0,1442.0,63927.0,19.0,1128.0,18.0,112.0,62.0,16.0,61.0,189.0,16.0,,180.0,267.0,3.0,,46.0,179.0,875.0,136.0,17.0,,1518.0,13.0,,107.0,2.0,36.0,367.0,109.0,23.0,10.0,27.0,1.0,134.0,1.0,2.0,3.0,2.0,4749.0,7.0,142.0,2.0,2.0,40.0,,2371.0,66.0,887.0,59.0,345.0,1.0,27.0,395.0,462.0,749.0,2060.0,,501.0,576.0,438.0,36.0,,2.0,,187.0,,562.0,79.0,222.0,7.0,,509.0,,191.0,442.0,1.0,402.0,9037.0,,33089.0,97.0,2.0,6.0,4.0,2016.0,8015.0,1.0,195.0,,12.0,827.0,1.0,18.0,51.0,89.0,1529.0,,9.0,73.0,198.0,6650.0,46442.0,17.0,162.0,49.0,1.0,84.0,132.0,,377968.0,,3.0,2.0
2020-03-25,42.0,123.0,264.0,164.0,2.0,,3.0,387.0,265.0,17.0,2423.0,5282.0,87.0,4.0,390.0,39.0,18.0,81.0,4269.0,1.0,5.0,6.0,2.0,32.0,,162.0,,2201.0,,104.0,220.0,99.0,,91.0,72.0,1959.0,3.0,3.0,4.0,3.0,922.0,81631.0,378.0,,4.0,177.0,73.0,382.0,48.0,,124.0,1394.0,45.0,1591.0,3.0,2.0,312.0,1082.0,366.0,9.0,9.0,1.0,369.0,11.0,122.0,,5.0,792.0,22302.0,25.0,6.0,3.0,70.0,31554.0,53.0,15.0,743.0,4.0,1.0,32.0,21.0,23.0,4.0,,5.0,7.0,36.0,226.0,648.0,562.0,686.0,,24811.0,316.0,1329.0,23.0,1930.0,69176.0,21.0,1193.0,18.0,127.0,79.0,25.0,63.0,191.0,42.0,2.0,197.0,304.0,3.0,1.0,47.0,209.0,1099.0,148.0,19.0,,1624.0,13.0,,120.0,2.0,42.0,405.0,125.0,27.0,10.0,47.0,1.0,170.0,1.0,3.0,3.0,3.0,5560.0,9.0,189.0,2.0,7.0,44.0,,2566.0,84.0,991.0,60.0,443.0,1.0,37.0,416.0,552.0,901.0,2362.0,,526.0,762.0,495.0,40.0,,2.0,1.0,187.0,,767.0,86.0,249.0,7.0,,558.0,,204.0,480.0,1.0,557.0,9137.0,,39673.0,102.0,3.0,8.0,4.0,2272.0,8789.0,1.0,216.0,,12.0,934.0,1.0,18.0,57.0,114.0,1872.0,1.0,9.0,84.0,248.0,8077.0,55231.0,17.0,189.0,55.0,1.0,91.0,137.0,,416881.0,,3.0,2.0
2020-03-26,75.0,146.0,302.0,188.0,2.0,,3.0,502.0,290.0,19.0,2799.0,5888.0,93.0,5.0,419.0,39.0,18.0,86.0,4937.0,2.0,5.0,6.0,3.0,39.0,,181.0,,2433.0,,107.0,242.0,114.0,,96.0,72.0,3385.0,4.0,3.0,4.0,3.0,1142.0,81733.0,470.0,,4.0,201.0,80.0,418.0,57.0,6.0,132.0,1654.0,45.0,1724.0,12.0,7.0,392.0,1211.0,442.0,13.0,11.0,4.0,404.0,12.0,132.0,,5.0,880.0,25233.0,25.0,6.0,3.0,73.0,36508.0,68.0,26.0,821.0,5.0,1.0,37.0,24.0,30.0,4.0,,5.0,8.0,52.0,261.0,737.0,649.0,790.0,,27017.0,346.0,1564.0,23.0,2369.0,74386.0,25.0,1268.0,18.0,153.0,88.0,25.0,71.0,195.0,44.0,2.0,221.0,333.0,3.0,1.0,51.0,274.0,1333.0,177.0,19.0,,1796.0,13.0,2.0,129.0,2.0,48.0,475.0,149.0,31.0,10.0,53.0,1.0,225.0,5.0,3.0,4.0,3.0,6412.0,14.0,262.0,2.0,7.0,51.0,,2916.0,99.0,1057.0,62.0,588.0,1.0,41.0,558.0,636.0,1051.0,2995.0,,537.0,906.0,658.0,41.0,2.0,3.0,1.0,208.0,,900.0,99.0,303.0,7.0,,568.0,2.0,216.0,528.0,1.0,709.0,9241.0,,47610.0,102.0,3.0,8.0,4.0,2510.0,9714.0,1.0,235.0,,12.0,1045.0,1.0,23.0,60.0,173.0,2433.0,1.0,14.0,113.0,333.0,9529.0,69194.0,17.0,217.0,65.0,1.0,106.0,153.0,,468092.0,,12.0,3.0
2020-03-27,75.0,174.0,367.0,224.0,3.0,2.0,7.0,589.0,329.0,28.0,3166.0,7029.0,122.0,9.0,458.0,48.0,24.0,86.0,6235.0,2.0,6.0,15.0,3.0,61.0,,181.0,,2915.0,2.0,114.0,264.0,146.0,,98.0,88.0,4018.0,5.0,6.0,5.0,5.0,1306.0,81827.0,491.0,,4.0,231.0,96.0,495.0,67.0,7.0,146.0,2062.0,54.0,1877.0,12.0,11.0,488.0,1403.0,456.0,13.0,12.0,6.0,538.0,12.0,140.0,,5.0,958.0,29155.0,30.0,7.0,3.0,79.0,42288.0,132.0,35.0,892.0,6.0,7.0,49.0,25.0,34.0,5.0,2.0,5.0,8.0,67.0,300.0,802.0,724.0,893.0,,29406.0,382.0,1819.0,26.0,2666.0,80539.0,26.0,1364.0,32.0,172.0,120.0,31.0,79.0,208.0,44.0,6.0,244.0,368.0,3.0,1.0,56.0,299.0,1453.0,201.0,23.0,,2031.0,13.0,4.0,134.0,3.0,81.0,585.0,177.0,33.0,11.0,67.0,5.0,275.0,7.0,5.0,8.0,3.0,7431.0,15.0,338.0,2.0,10.0,65.0,,3156.0,109.0,1197.0,84.0,674.0,1.0,52.0,580.0,707.0,1221.0,3544.0,,549.0,1029.0,840.0,50.0,2.0,3.0,1.0,218.0,,1012.0,105.0,384.0,7.0,,594.0,2.0,226.0,577.0,2.0,927.0,9332.0,,56188.0,106.0,3.0,8.0,6.0,2806.0,10714.0,5.0,252.0,,13.0,1136.0,1.0,24.0,65.0,173.0,3629.0,2.0,14.0,156.0,333.0,11658.0,85991.0,17.0,238.0,83.0,5.0,107.0,163.0,,527839.0,,14.0,3.0
2020-03-28,91.0,186.0,409.0,267.0,4.0,2.0,7.0,690.0,372.0,28.0,3378.0,7697.0,165.0,9.0,466.0,48.0,24.0,94.0,7284.0,2.0,6.0,17.0,3.0,74.0,,229.0,,3417.0,2.0,115.0,293.0,146.0,,102.0,88.0,4675.0,5.0,8.0,5.0,5.0,1610.0,81946.0,539.0,,4.0,263.0,101.0,586.0,80.0,8.0,162.0,2279.0,58.0,2046.0,13.0,11.0,581.0,1627.0,495.0,13.0,13.0,6.0,575.0,16.0,144.0,,5.0,1025.0,32964.0,30.0,7.0,3.0,81.0,48582.0,137.0,55.0,966.0,9.0,7.0,51.0,32.0,36.0,5.0,2.0,5.0,8.0,95.0,343.0,890.0,873.0,1046.0,,32332.0,458.0,2121.0,29.0,3035.0,86498.0,26.0,1499.0,52.0,212.0,193.0,31.0,86.0,225.0,58.0,6.0,280.0,391.0,3.0,1.0,60.0,358.0,1605.0,219.0,24.0,,2161.0,14.0,4.0,139.0,3.0,94.0,717.0,199.0,42.0,11.0,75.0,5.0,345.0,7.0,5.0,8.0,3.0,8603.0,15.0,416.0,2.0,10.0,81.0,,3581.0,131.0,1197.0,91.0,786.0,1.0,56.0,635.0,803.0,1389.0,4268.0,64.0,562.0,1292.0,1036.0,54.0,2.0,3.0,1.0,223.0,,1104.0,119.0,457.0,7.0,,732.0,3.0,295.0,632.0,3.0,1170.0,9478.0,,64059.0,106.0,3.0,8.0,9.0,3046.0,12104.0,5.0,267.0,,13.0,1136.0,1.0,25.0,66.0,227.0,5698.0,2.0,14.0,218.0,405.0,14543.0,104686.0,19.0,238.0,104.0,5.0,119.0,171.0,,591796.0,,16.0,5.0
2020-03-29,106.0,197.0,454.0,308.0,4.0,2.0,7.0,745.0,424.0,28.0,3809.0,8291.0,182.0,11.0,473.0,48.0,26.0,94.0,9134.0,2.0,6.0,22.0,4.0,81.0,,257.0,,3904.0,2.0,120.0,331.0,180.0,,103.0,99.0,5386.0,5.0,8.0,6.0,5.0,1909.0,82059.0,608.0,,19.0,295.0,140.0,657.0,119.0,8.0,179.0,2663.0,58.0,2201.0,15.0,11.0,719.0,1835.0,536.0,19.0,13.0,6.0,640.0,16.0,155.0,,5.0,1218.0,37575.0,34.0,7.0,3.0,85.0,52547.0,141.0,56.0,1061.0,10.0,9.0,55.0,34.0,39.0,8.0,2.0,8.0,8.0,110.0,408.0,963.0,979.0,1155.0,,35408.0,506.0,2415.0,32.0,3619.0,92472.0,32.0,1693.0,61.0,235.0,229.0,38.0,88.0,235.0,84.0,6.0,305.0,412.0,3.0,1.0,61.0,394.0,1831.0,241.0,28.0,,2320.0,16.0,9.0,149.0,5.0,102.0,848.0,231.0,43.0,12.0,84.0,5.0,358.0,8.0,8.0,8.0,5.0,9762.0,15.0,476.0,4.0,10.0,97.0,,3845.0,152.0,1408.0,97.0,901.0,1.0,59.0,671.0,1075.0,1638.0,5170.0,100.0,590.0,1452.0,1264.0,60.0,2.0,4.0,1.0,224.0,,1203.0,130.0,659.0,7.0,,803.0,3.0,295.0,691.0,3.0,1187.0,9583.0,,72248.0,115.0,5.0,8.0,9.0,3447.0,13152.0,5.0,283.0,,13.0,1245.0,1.0,28.0,74.0,227.0,7402.0,5.0,30.0,311.0,468.0,17089.0,124665.0,22.0,259.0,133.0,6.0,119.0,188.0,,656834.0,,28.0,7.0
2020-03-30,114.0,212.0,511.0,334.0,7.0,2.0,7.0,820.0,424.0,50.0,4093.0,8813.0,209.0,14.0,500.0,49.0,33.0,94.0,10836.0,2.0,6.0,22.0,4.0,96.0,,323.0,,4256.0,2.0,126.0,346.0,180.0,,107.0,99.0,6255.0,5.0,8.0,6.0,5.0,2139.0,82157.0,702.0,,19.0,314.0,165.0,713.0,139.0,9.0,214.0,2829.0,81.0,2395.0,19.0,11.0,859.0,1890.0,576.0,30.0,14.0,12.0,679.0,16.0,159.0,,5.0,1218.0,40174.0,35.0,7.0,3.0,90.0,57298.0,152.0,65.0,1156.0,10.0,9.0,56.0,36.0,45.0,8.0,2.0,8.0,15.0,139.0,447.0,1020.0,1071.0,1285.0,,38309.0,547.0,2615.0,42.0,4247.0,97689.0,34.0,1866.0,63.0,259.0,284.0,42.0,91.0,255.0,84.0,6.0,376.0,438.0,3.0,8.0,62.0,484.0,1950.0,259.0,37.0,,2470.0,17.0,18.0,151.0,5.0,110.0,993.0,263.0,46.0,12.0,85.0,5.0,479.0,8.0,8.0,11.0,5.0,10866.0,15.0,552.0,4.0,10.0,97.0,,4102.0,167.0,1526.0,106.0,989.0,1.0,64.0,852.0,1418.0,1862.0,5962.0,127.0,634.0,1760.0,1534.0,70.0,7.0,9.0,1.0,229.0,,1229.0,142.0,741.0,8.0,,844.0,3.0,336.0,730.0,3.0,1280.0,9661.0,,78797.0,120.0,5.0,8.0,9.0,3700.0,14274.0,9.0,306.0,,14.0,1388.0,1.0,30.0,78.0,278.0,9217.0,5.0,33.0,418.0,468.0,19522.0,143025.0,30.0,295.0,145.0,6.0,119.0,203.0,,715377.0,,29.0,7.0
2020-03-31,141.0,223.0,584.0,370.0,7.0,2.0,7.0,966.0,482.0,,4557.0,9618.0,273.0,14.0,515.0,49.0,34.0,105.0,11899.0,3.0,6.0,27.0,4.0,107.0,,353.0,,4579.0,3.0,127.0,359.0,222.0,,109.0,142.0,7424.0,5.0,12.0,6.0,7.0,2449.0,82241.0,798.0,,19.0,330.0,168.0,790.0,170.0,,230.0,3002.0,98.0,2577.0,26.0,11.0,901.0,1966.0,609.0,32.0,14.0,12.0,715.0,23.0,168.0,,5.0,1313.0,44550.0,36.0,7.0,4.0,98.0,61913.0,152.0,69.0,1212.0,10.0,9.0,60.0,36.0,45.0,16.0,2.0,8.0,15.0,141.0,492.0,1086.0,1251.0,1414.0,,41495.0,630.0,2910.0,42.0,4473.0,101739.0,38.0,1953.0,63.0,268.0,325.0,50.0,106.0,266.0,84.0,9.0,376.0,446.0,3.0,8.0,64.0,484.0,1988.0,285.0,44.0,,2626.0,17.0,18.0,156.0,5.0,128.0,1094.0,298.0,49.0,12.0,91.0,5.0,556.0,8.0,14.0,11.0,5.0,11750.0,16.0,647.0,4.0,20.0,131.0,2.0,4226.0,179.0,1625.0,115.0,1075.0,1.0,65.0,950.0,2084.0,2055.0,6408.0,174.0,693.0,1952.0,1836.0,70.0,7.0,9.0,1.0,229.0,,1453.0,162.0,741.0,10.0,,844.0,,336.0,763.0,3.0,1326.0,9786.0,,85195.0,120.0,6.0,8.0,9.0,4028.0,15412.0,10.0,306.0,,19.0,1651.0,1.0,34.0,85.0,312.0,10827.0,5.0,33.0,480.0,611.0,22141.0,164620.0,,324.0,149.0,6.0,135.0,206.0,,777187.0,,35.0,7.0
2020-04-01,166.0,243.0,716.0,376.0,7.0,2.0,7.0,966.0,532.0,55.0,4707.0,10182.0,298.0,15.0,567.0,51.0,34.0,152.0,12775.0,3.0,8.0,32.0,4.0,115.0,,413.0,3.0,5717.0,3.0,129.0,399.0,246.0,2.0,109.0,193.0,8536.0,6.0,14.0,6.0,7.0,2738.0,82295.0,906.0,,22.0,347.0,168.0,867.0,186.0,11.0,262.0,3308.0,98.0,2860.0,31.0,11.0,1109.0,2302.0,656.0,32.0,15.0,15.0,745.0,25.0,169.0,,5.0,1384.0,52128.0,37.0,16.0,4.0,110.0,67366.0,152.0,69.0,1314.0,10.0,9.0,69.0,38.0,60.0,16.0,8.0,12.0,15.0,172.0,525.0,1135.0,1397.0,1528.0,,44606.0,694.0,3235.0,52.0,4916.0,105792.0,38.0,1953.0,81.0,274.0,340.0,59.0,112.0,289.0,107.0,9.0,398.0,463.0,3.0,10.0,68.0,533.0,2178.0,329.0,46.0,,2766.0,18.0,18.0,167.0,5.0,143.0,1215.0,353.0,52.0,12.0,109.0,,617.0,8.0,15.0,11.0,5.0,12595.0,16.0,647.0,4.0,20.0,131.0,6.0,4447.0,192.0,2039.0,117.0,1181.0,1.0,69.0,1065.0,2084.0,2311.0,7443.0,239.0,781.0,2245.0,2337.0,75.0,8.0,13.0,1.0,230.0,,1563.0,175.0,900.0,10.0,1.0,879.0,6.0,363.0,814.0,3.0,1353.0,9786.0,,94417.0,122.0,7.0,10.0,9.0,4435.0,16108.0,10.0,322.0,,19.0,1651.0,1.0,34.0,87.0,362.0,13531.0,5.0,44.0,549.0,664.0,25150.0,189618.0,30.0,330.0,173.0,6.0,135.0,212.0,,851587.0,,35.0,8.0
2020-04-02,192.0,259.0,847.0,390.0,8.0,2.0,7.0,1133.0,571.0,55.0,4976.0,10711.0,359.0,21.0,569.0,54.0,45.0,152.0,13964.0,3.0,13.0,32.0,5.0,123.0,2.0,464.0,4.0,6836.0,3.0,131.0,422.0,261.0,2.0,110.0,233.0,9595.0,6.0,22.0,8.0,7.0,3031.0,82395.0,1065.0,,22.0,375.0,190.0,963.0,212.0,11.0,320.0,3589.0,123.0,3107.0,34.0,12.0,1284.0,2758.0,710.0,41.0,15.0,18.0,779.0,29.0,173.0,,7.0,1446.0,56989.0,37.0,18.0,4.0,115.0,73522.0,195.0,69.0,1375.0,10.0,10.0,77.0,46.0,78.0,30.0,9.0,19.0,16.0,219.0,585.0,1220.0,1965.0,1677.0,,47593.0,694.0,3447.0,65.0,5591.0,110574.0,44.0,2178.0,81.0,278.0,348.0,81.0,112.0,317.0,112.0,10.0,446.0,479.0,6.0,10.0,72.0,581.0,2319.0,354.0,54.0,,2908.0,19.0,28.0,188.0,5.0,154.0,1378.0,423.0,55.0,14.0,123.0,5.0,654.0,10.0,16.0,13.0,5.0,13614.0,16.0,723.0,5.0,74.0,151.0,6.0,4665.0,210.0,2291.0,134.0,1317.0,1.0,69.0,1323.0,2311.0,2554.0,8251.0,286.0,835.0,2460.0,2777.0,82.0,8.0,13.0,2.0,236.0,,1720.0,190.0,1060.0,10.0,1.0,1000.0,16.0,400.0,841.0,5.0,1380.0,9976.0,,102136.0,143.0,7.0,10.0,9.0,4947.0,17070.0,10.0,339.0,,20.0,1771.0,1.0,36.0,89.0,394.0,15679.0,5.0,44.0,794.0,664.0,29474.0,216721.0,30.0,341.0,187.0,6.0,143.0,233.0,,928491.0,,36.0,8.0
2020-04-03,235.0,277.0,986.0,428.0,8.0,3.0,9.0,1133.0,663.0,60.0,5224.0,11129.0,400.0,24.0,643.0,56.0,45.0,254.0,15348.0,3.0,13.0,35.0,5.0,132.0,2.0,532.0,4.0,7910.0,3.0,133.0,457.0,288.0,3.0,114.0,271.0,11268.0,6.0,28.0,8.0,7.0,3404.0,82465.0,1161.0,,41.0,396.0,194.0,1011.0,233.0,11.0,356.0,3858.0,123.0,3386.0,41.0,12.0,1380.0,3163.0,779.0,46.0,15.0,22.0,858.0,29.0,177.0,,7.0,1518.0,59105.0,37.0,18.0,4.0,121.0,79696.0,204.0,88.0,1514.0,10.0,10.0,82.0,47.0,91.0,52.0,9.0,19.0,18.0,222.0,623.0,1319.0,2301.0,1790.0,,50468.0,772.0,3849.0,71.0,6252.0,115242.0,47.0,2617.0,81.0,299.0,386.0,110.0,125.0,342.0,125.0,10.0,458.0,494.0,6.0,11.0,75.0,649.0,2487.0,354.0,59.0,3.0,3116.0,19.0,36.0,195.0,6.0,169.0,1510.0,505.0,60.0,14.0,144.0,5.0,708.0,10.0,20.0,13.0,5.0,14697.0,16.0,772.0,5.0,74.0,174.0,8.0,4935.0,231.0,2291.0,155.0,1475.0,1.0,77.0,1414.0,2633.0,2946.0,9034.0,316.0,949.0,2738.0,3548.0,82.0,8.0,13.0,2.0,245.0,,1885.0,195.0,1171.0,10.0,2.0,1049.0,23.0,426.0,897.0,5.0,1462.0,10062.0,,110238.0,148.0,7.0,10.0,9.0,5466.0,18194.0,16.0,339.0,,21.0,1875.0,1.0,39.0,97.0,455.0,18135.0,5.0,45.0,804.0,1024.0,33718.0,245540.0,33.0,359.0,190.0,6.0,144.0,236.0,,1006063.0,,39.0,8.0
2020-04-04,235.0,304.0,1171.0,439.0,8.0,3.0,15.0,1265.0,736.0,62.0,5548.0,11525.0,443.0,24.0,643.0,61.0,45.0,351.0,16770.0,4.0,16.0,35.0,5.0,139.0,2.0,586.0,4.0,9056.0,3.0,133.0,485.0,288.0,3.0,114.0,509.0,12519.0,6.0,29.0,8.0,7.0,3737.0,82527.0,1267.0,,41.0,416.0,218.0,1079.0,269.0,11.0,396.0,4190.0,134.0,3757.0,41.0,14.0,1488.0,3368.0,779.0,56.0,16.0,22.0,961.0,35.0,179.0,1.0,12.0,1615.0,64338.0,39.0,21.0,4.0,148.0,85778.0,205.0,95.0,1613.0,10.0,12.0,87.0,50.0,114.0,52.0,15.0,23.0,18.0,264.0,678.0,1364.0,2902.0,1986.0,,50468.0,772.0,4273.0,114.0,7428.0,119827.0,53.0,2935.0,118.0,299.0,460.0,122.0,126.0,342.0,144.0,10.0,493.0,494.0,7.0,11.0,75.0,771.0,2612.0,430.0,65.0,3.0,3333.0,19.0,39.0,202.0,6.0,186.0,1688.0,591.0,64.0,14.0,174.0,5.0,708.0,10.0,20.0,14.0,6.0,15723.0,18.0,824.0,5.0,98.0,190.0,8.0,5208.0,231.0,2291.0,155.0,1673.0,1.0,96.0,1595.0,3018.0,3383.0,9886.0,378.0,949.0,3183.0,4149.0,89.0,9.0,13.0,7.0,251.0,,1885.0,207.0,1476.0,10.0,2.0,1114.0,23.0,450.0,934.0,5.0,1505.0,10156.0,,117710.0,151.0,7.0,10.0,9.0,6078.0,19227.0,16.0,355.0,,21.0,1978.0,1.0,40.0,100.0,455.0,20921.0,5.0,48.0,987.0,1024.0,38168.0,277965.0,40.0,371.0,227.0,7.0,144.0,240.0,,1087822.0,,39.0,9.0
2020-04-05,270.0,333.0,1251.0,466.0,10.0,3.0,15.0,1451.0,770.0,64.0,5687.0,11766.0,521.0,28.0,688.0,70.0,51.0,394.0,18431.0,4.0,16.0,37.0,5.0,157.0,2.0,632.0,4.0,10278.0,3.0,135.0,503.0,302.0,3.0,114.0,555.0,13882.0,7.0,35.0,9.0,8.0,4161.0,82575.0,1406.0,,45.0,435.0,245.0,1126.0,288.0,11.0,426.0,4472.0,154.0,4077.0,51.0,14.0,1578.0,3465.0,985.0,62.0,16.0,29.0,1018.0,38.0,181.0,1.0,12.0,1882.0,68605.0,40.0,21.0,4.0,157.0,91714.0,214.0,98.0,1673.0,10.0,12.0,93.0,61.0,136.0,111.0,18.0,24.0,21.0,268.0,733.0,1417.0,3374.0,2092.0,,55743.0,878.0,4604.0,126.0,8018.0,124632.0,55.0,3271.0,123.0,323.0,460.0,126.0,132.0,479.0,144.0,10.0,509.0,520.0,10.0,18.0,77.0,771.0,2729.0,483.0,71.0,4.0,3483.0,19.0,41.0,213.0,6.0,196.0,1890.0,752.0,66.0,14.0,201.0,6.0,919.0,10.0,21.0,14.0,6.0,16627.0,18.0,872.0,5.0,120.0,210.0,8.0,5510.0,277.0,2450.0,,1801.0,1.0,104.0,1746.0,3094.0,3627.0,10524.0,452.0,1325.0,3613.0,4731.0,102.0,10.0,14.0,7.0,259.0,,2179.0,219.0,1624.0,10.0,4.0,1189.0,23.0,471.0,977.0,7.0,1585.0,10237.0,,124736.0,159.0,10.0,10.0,9.0,6443.0,20201.0,16.0,363.0,,21.0,2169.0,1.0,41.0,103.0,495.0,23934.0,5.0,48.0,1096.0,1505.0,41903.0,312237.0,40.0,390.0,266.0,7.0,144.0,241.0,,1174306.0,,39.0,9.0
2020-04-06,299.0,361.0,1320.0,501.0,14.0,3.0,15.0,1554.0,822.0,64.0,5744.0,11983.0,584.0,29.0,700.0,88.0,56.0,564.0,19691.0,5.0,22.0,37.0,5.0,183.0,2.0,663.0,6.0,11130.0,3.0,135.0,531.0,345.0,3.0,114.0,650.0,15496.0,7.0,39.0,9.0,9.0,4471.0,82642.0,1485.0,,45.0,454.0,261.0,1182.0,320.0,11.0,446.0,4587.0,154.0,4369.0,59.0,14.0,1745.0,3646.0,1070.0,69.0,16.0,29.0,1097.0,43.0,181.0,2.0,14.0,1927.0,70478.0,41.0,21.0,4.0,174.0,95391.0,214.0,103.0,1735.0,11.0,12.0,110.0,70.0,154.0,121.0,18.0,29.0,21.0,298.0,744.0,1486.0,4067.0,2273.0,,58226.0,961.0,5111.0,127.0,8430.0,128948.0,58.0,3654.0,155.0,345.0,531.0,142.0,140.0,556.0,216.0,11.0,533.0,527.0,13.0,18.0,78.0,811.0,2804.0,483.0,72.0,4.0,3662.0,19.0,45.0,234.0,6.0,227.0,2143.0,864.0,73.0,14.0,214.0,6.0,1021.0,10.0,21.0,16.0,9.0,17851.0,18.0,911.0,5.0,184.0,232.0,8.0,5640.0,298.0,3277.0,217.0,1988.0,1.0,113.0,2281.0,3246.0,4102.0,11278.0,475.0,1604.0,3864.0,5389.0,104.0,10.0,14.0,7.0,266.0,,2385.0,222.0,1908.0,10.0,6.0,1309.0,25.0,485.0,997.0,7.0,1655.0,10284.0,1.0,130759.0,166.0,12.0,10.0,9.0,6830.0,21022.0,19.0,363.0,,22.0,2220.0,1.0,44.0,104.0,553.0,27069.0,5.0,52.0,1251.0,1799.0,47806.0,337635.0,42.0,407.0,342.0,7.0,148.0,245.0,,1245601.0,,39.0,9.0
2020-04-07,337.0,377.0,1423.0,526.0,16.0,3.0,15.0,1628.0,833.0,71.0,5844.0,12297.0,641.0,33.0,756.0,123.0,60.0,700.0,20814.0,7.0,26.0,39.0,5.0,194.0,2.0,695.0,6.0,12056.0,3.0,135.0,549.0,364.0,3.0,115.0,658.0,16653.0,7.0,39.0,9.0,9.0,4815.0,82698.0,1579.0,,45.0,467.0,323.0,1222.0,350.0,13.0,465.0,4822.0,161.0,4681.0,90.0,15.0,1828.0,3747.0,1073.0,78.0,16.0,31.0,1108.0,44.0,183.0,2.0,14.0,2176.0,74390.0,41.0,21.0,4.0,188.0,99225.0,287.0,109.0,1755.0,11.0,12.0,112.0,74.0,165.0,128.0,33.0,31.0,24.0,305.0,817.0,1562.0,4421.0,2491.0,,60500.0,1031.0,5364.0,139.0,8904.0,132547.0,59.0,3817.0,169.0,349.0,670.0,158.0,145.0,665.0,228.0,12.0,542.0,541.0,14.0,18.0,78.0,843.0,2843.0,570.0,77.0,5.0,3793.0,19.0,47.0,241.0,6.0,244.0,2439.0,965.0,77.0,15.0,233.0,6.0,1120.0,10.0,22.0,16.0,9.0,18803.0,18.0,943.0,6.0,253.0,238.0,8.0,5755.0,371.0,3864.0,253.0,2100.0,1.0,113.0,2561.0,3660.0,4413.0,11730.0,513.0,1832.0,4057.0,6343.0,105.0,11.0,14.0,7.0,277.0,,2523.0,226.0,2200.0,10.0,6.0,1375.0,25.0,534.0,1021.0,7.0,1686.0,10331.0,1.0,135032.0,178.0,12.0,10.0,10.0,7206.0,21574.0,19.0,373.0,,24.0,2258.0,1.0,58.0,105.0,574.0,30217.0,8.0,52.0,1319.0,2076.0,51608.0,368196.0,42.0,411.0,397.0,7.0,159.0,251.0,,1316988.0,,39.0,9.0
2020-04-08,367.0,383.0,1468.0,545.0,17.0,3.0,15.0,1715.0,853.0,74.0,5956.0,12640.0,717.0,36.0,811.0,164.0,63.0,861.0,22194.0,7.0,26.0,39.0,5.0,210.0,2.0,781.0,6.0,13717.0,3.0,135.0,577.0,384.0,3.0,117.0,685.0,17883.0,7.0,45.0,9.0,9.0,5116.0,82784.0,1780.0,,45.0,483.0,349.0,1282.0,396.0,13.0,494.0,5017.0,180.0,5071.0,121.0,15.0,1956.0,3995.0,1322.0,78.0,16.0,31.0,1149.0,52.0,184.0,5.0,15.0,2308.0,78167.0,47.0,30.0,4.0,196.0,103228.0,287.0,113.0,1832.0,11.0,12.0,121.0,80.0,166.0,144.0,33.0,33.0,25.0,312.0,895.0,1586.0,5194.0,2738.0,,62589.0,1031.0,5709.0,150.0,9248.0,135586.0,63.0,3906.0,170.0,349.0,704.0,172.0,184.0,743.0,270.0,12.0,548.0,548.0,14.0,19.0,78.0,880.0,2970.0,599.0,85.0,8.0,3963.0,19.0,56.0,293.0,6.0,268.0,2785.0,1056.0,79.0,15.0,241.0,6.0,1184.0,10.0,22.0,16.0,9.0,19580.0,18.0,969.0,6.0,278.0,254.0,8.0,5863.0,419.0,4072.0,260.0,2249.0,2.0,115.0,2954.0,3764.0,4848.0,12442.0,573.0,2057.0,4417.0,7497.0,105.0,11.0,14.0,8.0,279.0,,2795.0,237.0,2447.0,10.0,6.0,1481.0,40.0,581.0,1055.0,8.0,1749.0,10384.0,1.0,140510.0,185.0,14.0,10.0,10.0,7693.0,22164.0,19.0,376.0,,24.0,2369.0,1.0,65.0,107.0,596.0,34109.0,8.0,52.0,1462.0,2359.0,55242.0,398809.0,45.0,417.0,504.0,7.0,166.0,251.0,,1391881.0,,39.0,10.0
2020-04-09,423.0,400.0,1572.0,564.0,19.0,3.0,15.0,1795.0,881.0,77.0,6052.0,12969.0,822.0,40.0,823.0,218.0,63.0,1066.0,23403.0,8.0,26.0,39.0,5.0,264.0,2.0,816.0,7.0,15927.0,3.0,135.0,593.0,414.0,3.0,118.0,730.0,19274.0,7.0,45.0,10.0,10.0,5546.0,82870.0,2054.0,,60.0,502.0,384.0,1343.0,457.0,14.0,526.0,5312.0,183.0,5402.0,135.0,15.0,2111.0,4450.0,1560.0,103.0,18.0,33.0,1185.0,55.0,184.0,5.0,15.0,2487.0,82048.0,51.0,33.0,4.0,211.0,108202.0,313.0,120.0,1884.0,11.0,12.0,125.0,87.0,181.0,164.0,33.0,37.0,27.0,343.0,980.0,1616.0,5734.0,2956.0,,64586.0,1202.0,6224.0,158.0,9404.0,139422.0,63.0,4257.0,170.0,358.0,759.0,179.0,184.0,855.0,280.0,15.0,577.0,575.0,31.0,21.0,79.0,912.0,3034.0,617.0,93.0,8.0,4119.0,19.0,59.0,299.0,6.0,273.0,3181.0,1174.0,81.0,16.0,249.0,9.0,1275.0,17.0,22.0,16.0,9.0,20549.0,18.0,992.0,6.0,342.0,276.0,11.0,6010.0,419.0,4322.0,263.0,2528.0,2.0,124.0,4342.0,3870.0,5205.0,13141.0,620.0,2210.0,4761.0,8672.0,110.0,11.0,14.0,8.0,308.0,4.0,2932.0,244.0,2666.0,10.0,7.0,1623.0,40.0,682.0,1091.0,8.0,1845.0,10423.0,2.0,146690.0,189.0,14.0,10.0,12.0,8419.0,22710.0,19.0,379.0,,25.0,2423.0,1.0,70.0,107.0,623.0,38226.0,8.0,53.0,1668.0,2659.0,60733.0,432132.0,45.0,426.0,555.0,8.0,167.0,255.0,,1476792.0,,39.0,11.0
2020-04-10,484.0,409.0,1666.0,583.0,19.0,3.0,19.0,1894.0,921.0,82.0,6152.0,13248.0,926.0,41.0,887.0,330.0,66.0,1486.0,24983.0,9.0,30.0,48.0,5.0,268.0,2.0,875.0,13.0,17857.0,3.0,135.0,624.0,443.0,3.0,119.0,730.0,20748.0,7.0,45.0,11.0,11.0,5972.0,82925.0,2223.0,,60.0,539.0,444.0,1407.0,515.0,14.0,564.0,5569.0,215.0,5635.0,140.0,16.0,2349.0,4965.0,1699.0,117.0,18.0,33.0,1207.0,56.0,184.0,5.0,15.0,2605.0,86334.0,51.0,44.0,4.0,218.0,113525.0,378.0,123.0,1955.0,11.0,12.0,128.0,126.0,191.0,194.0,35.0,37.0,30.0,382.0,1190.0,1648.0,6412.0,3293.0,,66220.0,1232.0,7393.0,190.0,9968.0,143626.0,63.0,4667.0,183.0,372.0,802.0,184.0,227.0,910.0,298.0,16.0,589.0,582.0,31.0,24.0,79.0,955.0,3115.0,663.0,93.0,8.0,4228.0,19.0,59.0,337.0,7.0,314.0,3441.0,1289.0,84.0,16.0,252.0,9.0,1374.0,17.0,27.0,16.0,9.0,21762.0,18.0,1015.0,6.0,410.0,288.0,11.0,6160.0,457.0,4601.0,263.0,2752.0,2.0,129.0,5256.0,4076.0,5575.0,13956.0,683.0,2376.0,5202.0,10131.0,113.0,11.0,14.0,12.0,333.0,4.0,3287.0,250.0,2867.0,10.0,7.0,1909.0,50.0,701.0,1124.0,12.0,1934.0,10450.0,2.0,152446.0,190.0,14.0,10.0,12.0,9141.0,23495.0,19.0,380.0,,25.0,2473.0,2.0,73.0,109.0,643.0,42282.0,8.0,53.0,1892.0,2990.0,65077.0,466033.0,50.0,433.0,582.0,8.0,171.0,257.0,,1563819.0,1.0,39.0,11.0
2020-04-11,521.0,416.0,1761.0,601.0,19.0,3.0,21.0,1975.0,937.0,86.0,6238.0,13560.0,991.0,42.0,998.0,424.0,67.0,1981.0,26667.0,10.0,35.0,48.0,5.0,276.0,2.0,901.0,13.0,19638.0,3.0,136.0,635.0,448.0,3.0,120.0,803.0,22133.0,7.0,45.0,11.0,11.0,6501.0,83004.0,2473.0,,60.0,558.0,480.0,1495.0,564.0,14.0,595.0,5732.0,223.0,5819.0,150.0,16.0,2620.0,7161.0,1794.0,118.0,18.0,34.0,1258.0,65.0,184.0,5.0,16.0,2769.0,90676.0,51.0,46.0,4.0,234.0,117658.0,378.0,127.0,2011.0,11.0,14.0,130.0,137.0,200.0,212.0,35.0,40.0,31.0,392.0,1310.0,1675.0,7447.0,3512.0,,68192.0,1279.0,8089.0,201.0,10408.0,147577.0,65.0,5347.0,198.0,372.0,840.0,189.0,250.0,993.0,339.0,16.0,612.0,609.0,37.0,24.0,80.0,999.0,3223.0,711.0,102.0,9.0,4346.0,19.0,87.0,350.0,7.0,318.0,3844.0,1438.0,90.0,16.0,257.0,9.0,1448.0,20.0,28.0,16.0,9.0,23097.0,18.0,1035.0,7.0,438.0,305.0,11.0,6244.0,484.0,4788.0,266.0,2974.0,2.0,133.0,5897.0,4076.0,5955.0,15472.0,725.0,2512.0,5467.0,11917.0,118.0,12.0,15.0,12.0,344.0,4.0,3651.0,265.0,3105.0,10.0,8.0,1909.0,50.0,715.0,1160.0,21.0,2003.0,10450.0,3.0,157022.0,197.0,15.0,10.0,12.0,9685.0,24228.0,19.0,380.0,,32.0,2518.0,2.0,76.0,109.0,671.0,47029.0,9.0,53.0,2203.0,3360.0,70272.0,501560.0,50.0,446.0,624.0,8.0,175.0,258.0,,1653160.0,1.0,40.0,11.0
2020-04-12,555.0,433.0,1825.0,622.0,19.0,3.0,21.0,2137.0,967.0,92.0,6289.0,13807.0,1058.0,46.0,1040.0,482.0,68.0,2226.0,28018.0,13.0,35.0,50.0,5.0,300.0,2.0,948.0,13.0,20727.0,3.0,136.0,661.0,484.0,5.0,122.0,820.0,23301.0,8.0,53.0,11.0,11.0,6927.0,83097.0,2709.0,,60.0,577.0,533.0,1534.0,620.0,14.0,616.0,5902.0,234.0,5996.0,187.0,16.0,2759.0,7257.0,1939.0,118.0,18.0,34.0,1304.0,69.0,184.0,5.0,16.0,2905.0,93790.0,51.0,49.0,9.0,242.0,120479.0,408.0,129.0,2081.0,11.0,14.0,133.0,153.0,209.0,250.0,38.0,45.0,33.0,393.0,1410.0,1689.0,8356.0,3842.0,,70029.0,1318.0,8928.0,226.0,10743.0,152271.0,69.0,6748.0,198.0,381.0,880.0,191.0,283.0,1154.0,377.0,18.0,630.0,619.0,48.0,25.0,80.0,1053.0,3270.0,760.0,102.0,12.0,4530.0,19.0,105.0,370.0,7.0,319.0,4219.0,1560.0,92.0,16.0,263.0,9.0,1545.0,20.0,31.0,16.0,9.0,24413.0,18.0,1049.0,7.0,491.0,318.0,11.0,6320.0,546.0,5038.0,268.0,3234.0,2.0,134.0,6848.0,4428.0,6356.0,15987.0,788.0,2728.0,5990.0,13584.0,120.0,12.0,15.0,12.0,356.0,4.0,4033.0,278.0,3380.0,10.0,10.0,2299.0,50.0,728.0,1188.0,21.0,2028.0,10512.0,4.0,161852.0,199.0,19.0,10.0,14.0,10151.0,24820.0,25.0,385.0,,32.0,2551.0,2.0,76.0,112.0,685.0,52167.0,9.0,53.0,2511.0,3736.0,78991.0,529951.0,51.0,453.0,796.0,8.0,175.0,262.0,,1734868.0,1.0,40.0,14.0
2020-04-13,607.0,446.0,1914.0,638.0,19.0,3.0,21.0,2203.0,1013.0,92.0,6322.0,13937.0,1098.0,47.0,1136.0,621.0,71.0,2578.0,29647.0,14.0,35.0,57.0,5.0,330.0,3.0,1007.0,13.0,22169.0,3.0,136.0,675.0,497.0,5.0,122.0,820.0,24365.0,10.0,53.0,11.0,15.0,7213.0,83209.0,2776.0,,70.0,595.0,574.0,1600.0,669.0,14.0,633.0,5991.0,234.0,6174.0,214.0,16.0,2967.0,7466.0,2065.0,125.0,21.0,34.0,1309.0,71.0,184.0,5.0,16.0,2974.0,95403.0,53.0,57.0,9.0,257.0,123016.0,566.0,129.0,2114.0,11.0,14.0,133.0,156.0,218.0,250.0,39.0,45.0,33.0,397.0,1458.0,1701.0,9152.0,4241.0,,71686.0,1352.0,9655.0,228.0,11145.0,156363.0,72.0,7255.0,213.0,389.0,961.0,197.0,362.0,1234.0,419.0,19.0,651.0,630.0,50.0,25.0,80.0,1062.0,3281.0,828.0,106.0,13.0,4683.0,20.0,116.0,378.0,7.0,324.0,4661.0,1662.0,93.0,16.0,272.0,11.0,1661.0,21.0,41.0,16.0,12.0,25587.0,18.0,1064.0,9.0,529.0,323.0,11.0,6415.0,599.0,5374.0,268.0,3400.0,2.0,147.0,7519.0,4648.0,6674.0,16585.0,897.0,2979.0,6300.0,15770.0,126.0,12.0,15.0,12.0,356.0,4.0,4462.0,280.0,3630.0,10.0,10.0,2532.0,50.0,742.0,1205.0,25.0,2173.0,10537.0,4.0,166019.0,210.0,19.0,10.0,14.0,10483.0,25220.0,25.0,388.0,,32.0,2579.0,2.0,76.0,113.0,707.0,56956.0,9.0,54.0,2777.0,4123.0,84279.0,557571.0,51.0,465.0,865.0,8.0,181.0,264.0,,1807256.0,1.0,43.0,14.0
2020-04-14,665.0,467.0,1983.0,646.0,19.0,3.0,23.0,2272.0,1039.0,92.0,6366.0,14043.0,1148.0,49.0,1361.0,803.0,72.0,2919.0,30589.0,18.0,35.0,57.0,5.0,354.0,4.0,1028.0,13.0,23430.0,3.0,136.0,685.0,515.0,5.0,122.0,820.0,25663.0,10.0,53.0,11.0,23.0,7525.0,83303.0,2852.0,,70.0,612.0,626.0,1650.0,726.0,14.0,662.0,6059.0,235.0,6318.0,298.0,16.0,3167.0,7529.0,2190.0,149.0,21.0,34.0,1332.0,74.0,184.0,5.0,16.0,3064.0,98076.0,55.0,57.0,9.0,272.0,125098.0,566.0,129.0,2145.0,11.0,14.0,134.0,167.0,219.0,319.0,39.0,47.0,40.0,407.0,1512.0,1711.0,10363.0,4557.0,,73303.0,1378.0,10647.0,242.0,11586.0,159516.0,73.0,7645.0,217.0,391.0,1179.0,208.0,377.0,1300.0,430.0,19.0,655.0,632.0,59.0,26.0,81.0,1070.0,3292.0,854.0,106.0,16.0,4817.0,20.0,123.0,384.0,7.0,324.0,5014.0,1712.0,93.0,16.0,274.0,11.0,1763.0,27.0,62.0,16.0,14.0,26551.0,18.0,1072.0,9.0,548.0,343.0,11.0,6488.0,813.0,5716.0,268.0,3472.0,2.0,159.0,7519.0,4932.0,6934.0,16934.0,903.0,3231.0,6633.0,18328.0,127.0,12.0,15.0,12.0,356.0,4.0,4934.0,291.0,4054.0,10.0,11.0,2918.0,52.0,769.0,1212.0,25.0,2272.0,10564.0,4.0,169496.0,218.0,29.0,10.0,15.0,10948.0,25499.0,25.0,393.0,,46.0,2613.0,4.0,77.0,113.0,726.0,61049.0,10.0,54.0,3102.0,4521.0,88621.0,582594.0,51.0,472.0,998.0,8.0,189.0,267.0,,1873639.0,1.0,45.0,17.0
2020-04-15,714.0,475.0,2070.0,659.0,19.0,3.0,23.0,2432.0,1111.0,92.0,6416.0,14234.0,1197.0,49.0,1528.0,1012.0,73.0,3281.0,31119.0,18.0,35.0,57.0,5.0,397.0,4.0,1073.0,13.0,25262.0,3.0,136.0,713.0,528.0,5.0,122.0,855.0,27046.0,11.0,54.0,11.0,23.0,7917.0,83352.0,2979.0,,74.0,618.0,626.0,1704.0,766.0,14.0,695.0,6141.0,254.0,6511.0,363.0,16.0,3286.0,7603.0,2350.0,159.0,41.0,35.0,1373.0,82.0,184.0,11.0,16.0,3161.0,103573.0,55.0,75.0,9.0,300.0,127584.0,636.0,129.0,2170.0,11.0,14.0,135.0,180.0,223.0,363.0,40.0,48.0,40.0,419.0,1579.0,1720.0,11438.0,4839.0,,74877.0,1400.0,11479.0,242.0,12046.0,162488.0,105.0,8100.0,217.0,397.0,1267.0,216.0,387.0,1355.0,449.0,19.0,657.0,641.0,59.0,35.0,81.0,1070.0,3307.0,908.0,108.0,16.0,4987.0,21.0,144.0,393.0,7.0,324.0,5399.0,1934.0,93.0,30.0,283.0,11.0,1888.0,28.0,74.0,16.0,16.0,27419.0,18.0,1078.0,9.0,570.0,373.0,13.0,6566.0,910.0,5988.0,287.0,3574.0,2.0,161.0,10303.0,5223.0,7202.0,17448.0,923.0,3428.0,6879.0,21102.0,134.0,14.0,15.0,12.0,372.0,4.0,5369.0,299.0,4465.0,11.0,11.0,3252.0,52.0,835.0,1220.0,60.0,2415.0,10591.0,4.0,177464.0,233.0,32.0,10.0,15.0,11445.0,25753.0,29.0,395.0,,53.0,2643.0,6.0,77.0,113.0,747.0,65111.0,10.0,55.0,3372.0,4933.0,93873.0,609516.0,51.0,483.0,1165.0,8.0,193.0,268.0,,1953786.0,1.0,45.0,17.0
2020-04-16,784.0,494.0,2160.0,673.0,19.0,3.0,23.0,2432.0,1159.0,93.0,6458.0,14370.0,1253.0,53.0,1673.0,1231.0,75.0,3728.0,33573.0,18.0,35.0,81.0,5.0,441.0,4.0,1100.0,13.0,28320.0,3.0,136.0,747.0,542.0,5.0,122.0,855.0,28364.0,55.0,60.0,11.0,27.0,8273.0,83402.0,3105.0,,117.0,626.0,654.0,1741.0,814.0,14.0,715.0,6303.0,267.0,6681.0,435.0,16.0,3614.0,7858.0,2505.0,159.0,51.0,35.0,1402.0,85.0,184.0,11.0,16.0,3237.0,106206.0,55.0,87.0,9.0,306.0,130450.0,641.0,131.0,2192.0,11.0,14.0,135.0,196.0,223.0,404.0,43.0,55.0,41.0,426.0,1652.0,1727.0,12380.0,5136.0,,76389.0,1415.0,12547.0,254.0,12501.0,165155.0,125.0,8582.0,217.0,401.0,1331.0,225.0,423.0,1405.0,466.0,19.0,666.0,658.0,59.0,48.0,81.0,1091.0,3373.0,974.0,110.0,16.0,5072.0,21.0,148.0,399.0,7.0,324.0,5847.0,2049.0,93.0,30.0,288.0,11.0,2024.0,29.0,74.0,16.0,16.0,28153.0,18.0,1084.0,9.0,584.0,407.0,13.0,6677.0,910.0,6505.0,291.0,3751.0,2.0,174.0,11475.0,5453.0,7582.0,18091.0,974.0,3711.0,7216.0,24490.0,136.0,14.0,15.0,12.0,392.0,4.0,5862.0,314.0,4873.0,11.0,13.0,3699.0,57.0,863.0,1248.0,80.0,2506.0,10613.0,4.0,181504.0,237.0,32.0,10.0,16.0,11927.0,26336.0,33.0,395.0,,88.0,2672.0,6.0,81.0,114.0,780.0,69392.0,11.0,55.0,4161.0,5365.0,98476.0,639664.0,51.0,493.0,1302.0,8.0,197.0,268.0,,2033745.0,1.0,48.0,23.0
2020-04-17,794.0,518.0,2268.0,682.0,19.0,3.0,23.0,2560.0,1201.0,95.0,6497.0,14448.0,1283.0,54.0,1700.0,1572.0,75.0,4204.0,34809.0,18.0,37.0,83.0,5.0,465.0,4.0,1152.0,15.0,30425.0,3.0,136.0,800.0,543.0,5.0,122.0,855.0,30081.0,55.0,61.0,12.0,27.0,8807.0,83754.0,3233.0,,117.0,642.0,688.0,1791.0,862.0,14.0,735.0,6433.0,287.0,6879.0,591.0,16.0,3755.0,8225.0,2673.0,164.0,51.0,35.0,1434.0,92.0,184.0,11.0,17.0,3369.0,108847.0,55.0,95.0,9.0,348.0,133830.0,641.0,133.0,2207.0,11.0,14.0,135.0,214.0,234.0,438.0,46.0,57.0,43.0,442.0,1763.0,1739.0,13387.0,5516.0,,77995.0,1434.0,13271.0,284.0,12758.0,168941.0,143.0,9167.0,223.0,402.0,1470.0,234.0,449.0,1524.0,489.0,19.0,675.0,663.0,73.0,49.0,81.0,1149.0,3444.0,1081.0,111.0,16.0,5182.0,25.0,171.0,412.0,7.0,324.0,6297.0,2154.0,93.0,31.0,303.0,11.0,2283.0,31.0,85.0,16.0,16.0,29214.0,18.0,1086.0,9.0,609.0,442.0,13.0,6791.0,1019.0,7025.0,294.0,4016.0,7.0,174.0,12491.0,5660.0,7918.0,18841.0,1043.0,4103.0,7707.0,27938.0,138.0,14.0,15.0,12.0,426.0,4.0,6380.0,335.0,5318.0,11.0,15.0,4427.0,57.0,977.0,1268.0,80.0,2605.0,10635.0,4.0,185904.0,238.0,32.0,10.0,16.0,12540.0,26651.0,33.0,395.0,,94.0,2700.0,18.0,81.0,114.0,822.0,74193.0,11.0,55.0,4462.0,5825.0,103093.0,671331.0,51.0,502.0,1380.0,8.0,204.0,268.0,,2117297.0,1.0,48.0,24.0
2020-04-18,845.0,539.0,2418.0,696.0,19.0,3.0,23.0,2658.0,1248.0,96.0,6533.0,14603.0,1340.0,55.0,1744.0,1838.0,75.0,4779.0,36138.0,18.0,37.0,83.0,5.0,493.0,4.0,1210.0,15.0,33682.0,3.0,136.0,846.0,557.0,6.0,122.0,1016.0,31872.0,56.0,61.0,12.0,33.0,9252.0,83785.0,3439.0,,143.0,649.0,742.0,1814.0,923.0,14.0,735.0,6549.0,307.0,7073.0,732.0,16.0,4126.0,8450.0,2844.0,177.0,79.0,35.0,1459.0,96.0,184.0,11.0,17.0,3489.0,109252.0,55.0,108.0,9.0,370.0,137439.0,641.0,133.0,2207.0,11.0,14.0,136.0,235.0,234.0,477.0,50.0,63.0,44.0,457.0,1834.0,1754.0,14378.0,5923.0,,79494.0,1482.0,13980.0,289.0,12982.0,172434.0,163.0,9795.0,224.0,407.0,1591.0,246.0,480.0,1658.0,506.0,19.0,682.0,668.0,76.0,49.0,81.0,1239.0,3480.0,1117.0,117.0,17.0,5251.0,29.0,190.0,422.0,7.0,324.0,6875.0,2264.0,94.0,31.0,303.0,11.0,2564.0,34.0,94.0,16.0,30.0,30449.0,18.0,1094.0,9.0,627.0,493.0,14.0,6791.0,1069.0,7481.0,307.0,4210.0,7.0,202.0,13489.0,5878.0,8379.0,19022.0,1068.0,4663.0,8067.0,32008.0,143.0,14.0,15.0,12.0,435.0,4.0,7142.0,342.0,5690.0,11.0,26.0,5050.0,57.0,1049.0,1304.0,116.0,2783.0,10653.0,4.0,190008.0,244.0,32.0,10.0,19.0,13216.0,26997.0,38.0,395.0,,147.0,2700.0,18.0,83.0,114.0,864.0,78546.0,11.0,55.0,5106.0,5825.0,108692.0,702164.0,51.0,508.0,1450.0,8.0,227.0,268.0,,2199460.0,1.0,52.0,24.0
2020-04-19,908.0,548.0,2535.0,704.0,24.0,3.0,23.0,2828.0,1291.0,96.0,6586.0,14662.0,1373.0,58.0,1773.0,2144.0,75.0,4779.0,37183.0,18.0,37.0,86.0,5.0,520.0,4.0,1254.0,15.0,36599.0,3.0,137.0,878.0,565.0,6.0,122.0,1016.0,33341.0,58.0,61.0,12.0,33.0,9730.0,83803.0,3621.0,,143.0,655.0,801.0,1832.0,986.0,14.0,761.0,6654.0,327.0,7242.0,732.0,16.0,4335.0,9022.0,3032.0,190.0,79.0,35.0,1512.0,105.0,184.0,11.0,17.0,3681.0,111821.0,55.0,109.0,9.0,388.0,139897.0,834.0,133.0,2207.0,11.0,14.0,136.0,257.0,239.0,477.0,50.0,63.0,44.0,472.0,1916.0,1760.0,15712.0,6248.0,,80868.0,1482.0,14758.0,297.0,13265.0,175925.0,173.0,10361.0,245.0,413.0,1654.0,262.0,510.0,1752.0,554.0,19.0,712.0,672.0,81.0,49.0,82.0,1298.0,3537.0,1170.0,117.0,17.0,5305.0,35.0,216.0,426.0,7.0,325.0,7497.0,2351.0,94.0,31.0,307.0,11.0,2685.0,35.0,107.0,16.0,31.0,31589.0,18.0,1098.0,9.0,639.0,542.0,14.0,6984.0,1180.0,7993.0,313.0,4273.0,7.0,202.0,14420.0,6087.0,8742.0,19685.0,1118.0,5008.0,8418.0,36793.0,144.0,14.0,15.0,12.0,455.0,4.0,8274.0,350.0,5994.0,11.0,30.0,5992.0,64.0,1089.0,1317.0,135.0,3034.0,10661.0,4.0,188578.0,254.0,66.0,10.0,19.0,13822.0,27322.0,38.0,398.0,,148.0,2733.0,18.0,84.0,114.0,866.0,82329.0,11.0,55.0,5449.0,6302.0,114217.0,735086.0,53.0,517.0,1495.0,8.0,227.0,268.0,,2278484.0,1.0,57.0,25.0
2020-04-20,996.0,562.0,2629.0,713.0,24.0,3.0,23.0,2930.0,1339.0,97.0,6612.0,14710.0,1398.0,60.0,1873.0,2456.0,75.0,4779.0,38496.0,18.0,37.0,86.0,5.0,564.0,5.0,1269.0,20.0,38654.0,4.0,138.0,915.0,576.0,6.0,122.0,1016.0,34777.0,61.0,61.0,12.0,33.0,10088.0,83817.0,3792.0,,160.0,660.0,847.0,1871.0,1035.0,14.0,767.0,6787.0,332.0,7384.0,846.0,16.0,4680.0,9468.0,3144.0,201.0,79.0,39.0,1528.0,108.0,185.0,11.0,17.0,3783.0,112606.0,55.0,109.0,10.0,394.0,141672.0,1042.0,133.0,2235.0,11.0,14.0,136.0,289.0,239.0,579.0,50.0,65.0,47.0,477.0,1984.0,1771.0,17265.0,6575.0,,82211.0,1539.0,15251.0,298.0,13491.0,178972.0,196.0,10751.0,249.0,417.0,1735.0,270.0,510.0,1915.0,568.0,19.0,727.0,673.0,91.0,49.0,82.0,1326.0,3550.0,1207.0,121.0,17.0,5389.0,52.0,224.0,427.0,7.0,328.0,8261.0,2472.0,94.0,32.0,308.0,11.0,2855.0,39.0,111.0,16.0,31.0,32655.0,18.0,1105.0,9.0,648.0,627.0,14.0,7068.0,1266.0,8418.0,322.0,4467.0,7.0,206.0,15628.0,6259.0,9287.0,20206.0,1213.0,5448.0,8746.0,42853.0,147.0,15.0,15.0,12.0,461.0,4.0,9362.0,367.0,6318.0,11.0,35.0,6588.0,67.0,1161.0,1330.0,164.0,3158.0,10674.0,4.0,191163.0,295.0,66.0,10.0,22.0,14385.0,27658.0,39.0,420.0,,170.0,2765.0,19.0,84.0,114.0,879.0,86306.0,11.0,55.0,5710.0,6781.0,120067.0,759687.0,53.0,528.0,1565.0,8.0,256.0,268.0,,2350993.0,1.0,61.0,25.0
2020-04-21,1031.0,584.0,2718.0,717.0,24.0,3.0,23.0,3020.0,1401.0,97.0,6625.0,14783.0,1436.0,64.0,1907.0,2948.0,75.0,6264.0,39983.0,18.0,54.0,86.0,6.0,598.0,5.0,1300.0,20.0,40581.0,5.0,138.0,929.0,581.0,6.0,122.0,1017.0,36823.0,67.0,66.0,12.0,33.0,10507.0,83849.0,3977.0,,160.0,662.0,879.0,1881.0,1087.0,14.0,772.0,6914.0,350.0,7515.0,846.0,16.0,4964.0,10128.0,3333.0,218.0,79.0,39.0,1535.0,111.0,185.0,11.0,18.0,3868.0,114657.0,56.0,120.0,10.0,402.0,143457.0,1042.0,133.0,2245.0,11.0,14.0,136.0,294.0,239.0,622.0,50.0,66.0,57.0,494.0,2098.0,1773.0,18600.0,6760.0,,83505.0,1574.0,15652.0,300.0,13713.0,181228.0,223.0,11118.0,249.0,425.0,1949.0,281.0,598.0,1995.0,590.0,19.0,739.0,677.0,99.0,51.0,82.0,1350.0,3558.0,1225.0,121.0,17.0,5425.0,69.0,246.0,431.0,7.0,328.0,8772.0,2548.0,94.0,34.0,312.0,11.0,3046.0,39.0,119.0,16.0,31.0,33405.0,18.0,1107.0,9.0,655.0,665.0,14.0,7113.0,1508.0,9216.0,329.0,4658.0,7.0,208.0,16325.0,6459.0,9593.0,20863.0,1252.0,6015.0,8936.0,47121.0,147.0,15.0,15.0,12.0,462.0,4.0,10484.0,377.0,6630.0,11.0,43.0,8014.0,68.0,1173.0,1335.0,237.0,3300.0,10683.0,4.0,194515.0,304.0,92.0,10.0,24.0,14777.0,27826.0,39.0,422.0,,170.0,2792.0,22.0,84.0,114.0,884.0,90980.0,11.0,56.0,6125.0,7265.0,124743.0,787752.0,54.0,535.0,1657.0,9.0,256.0,268.0,,2427353.0,1.0,65.0,25.0
2020-04-22,1092.0,609.0,2811.0,717.0,24.0,3.0,24.0,3132.0,1473.0,97.0,6647.0,14833.0,1480.0,65.0,1973.0,3382.0,75.0,6723.0,40956.0,18.0,54.0,98.0,6.0,609.0,6.0,1340.0,20.0,43079.0,5.0,138.0,975.0,600.0,6.0,122.0,1163.0,38413.0,67.0,66.0,14.0,34.0,10832.0,83864.0,4149.0,,165.0,669.0,916.0,1908.0,1137.0,14.0,784.0,7041.0,359.0,7695.0,945.0,16.0,5044.0,10398.0,3490.0,225.0,79.0,39.0,1552.0,114.0,185.0,12.0,18.0,4014.0,117324.0,57.0,156.0,10.0,408.0,145694.0,1042.0,133.0,2401.0,11.0,14.0,136.0,316.0,239.0,688.0,50.0,67.0,58.0,510.0,2168.0,1778.0,19984.0,7135.0,,84802.0,1602.0,16040.0,307.0,13942.0,183957.0,233.0,11496.0,255.0,425.0,2025.0,281.0,604.0,2080.0,612.0,19.0,748.0,677.0,101.0,51.0,82.0,1370.0,3618.0,1231.0,121.0,18.0,5482.0,85.0,258.0,443.0,7.0,328.0,9501.0,2614.0,94.0,35.0,313.0,11.0,3209.0,39.0,121.0,16.0,42.0,34134.0,18.0,1112.0,10.0,655.0,782.0,14.0,7166.0,1508.0,9749.0,329.0,4821.0,7.0,213.0,17837.0,6599.0,9856.0,21379.0,1252.0,6533.0,9242.0,52763.0,150.0,15.0,15.0,12.0,476.0,4.0,11631.0,412.0,6890.0,11.0,50.0,9125.0,68.0,1199.0,1340.0,286.0,3465.0,10694.0,4.0,197142.0,310.0,107.0,10.0,24.0,15322.0,27981.0,42.0,425.0,,254.0,2811.0,23.0,86.0,115.0,901.0,95591.0,11.0,58.0,6592.0,7755.0,129044.0,825041.0,54.0,543.0,1692.0,9.0,285.0,268.0,,2513399.0,1.0,65.0,28.0
2020-04-23,1176.0,634.0,2910.0,723.0,24.0,3.0,24.0,3276.0,1523.0,100.0,6654.0,14924.0,1518.0,70.0,2007.0,3772.0,76.0,7281.0,41889.0,18.0,54.0,99.0,7.0,672.0,6.0,1367.0,22.0,45757.0,5.0,138.0,1024.0,609.0,11.0,122.0,1163.0,40179.0,73.0,66.0,16.0,34.0,11296.0,83876.0,4356.0,,186.0,681.0,952.0,1950.0,1189.0,14.0,790.0,7136.0,377.0,7912.0,974.0,16.0,5300.0,10850.0,3490.0,237.0,83.0,39.0,1559.0,116.0,185.0,12.0,18.0,4129.0,119151.0,57.0,166.0,10.0,416.0,148046.0,1154.0,133.0,2408.0,11.0,15.0,137.0,342.0,243.0,761.0,50.0,67.0,62.0,519.0,2284.0,1785.0,21393.0,7418.0,,85996.0,1602.0,16671.0,307.0,14592.0,187327.0,252.0,11772.0,255.0,428.0,2191.0,303.0,630.0,2248.0,631.0,19.0,761.0,682.0,101.0,59.0,82.0,1398.0,3654.0,1259.0,121.0,23.0,5532.0,85.0,293.0,444.0,7.0,329.0,10544.0,2778.0,94.0,35.0,315.0,11.0,3377.0,41.0,127.0,16.0,45.0,34842.0,18.0,1112.0,10.0,662.0,873.0,14.0,7250.0,1614.0,9749.0,335.0,4992.0,8.0,213.0,19250.0,6710.0,10169.0,21982.0,1252.0,7141.0,9710.0,57999.0,153.0,15.0,15.0,13.0,488.0,7.0,12772.0,442.0,7114.0,11.0,61.0,10141.0,73.0,1244.0,1353.0,286.0,3635.0,10702.0,4.0,200194.0,330.0,140.0,10.0,31.0,16004.0,28186.0,42.0,426.0,,285.0,2839.0,23.0,88.0,115.0,901.0,98674.0,11.0,61.0,7170.0,8238.0,133495.0,842629.0,54.0,549.0,1716.0,9.0,288.0,268.0,,2579823.0,1.0,74.0,28.0
2020-04-24,1281.0,663.0,3007.0,724.0,25.0,3.0,24.0,3423.0,1596.0,100.0,6667.0,14985.0,1548.0,72.0,2217.0,4186.0,76.0,8022.0,42797.0,18.0,58.0,99.0,7.0,703.0,6.0,1413.0,22.0,49492.0,5.0,138.0,1097.0,616.0,11.0,122.0,1401.0,42099.0,82.0,66.0,17.0,40.0,11812.0,83884.0,4561.0,,186.0,687.0,1004.0,1981.0,1235.0,14.0,795.0,7188.0,394.0,8073.0,986.0,16.0,5543.0,11183.0,3659.0,250.0,84.0,39.0,1592.0,116.0,187.0,12.0,18.0,4284.0,120804.0,57.0,167.0,10.0,425.0,150383.0,1154.0,133.0,2463.0,11.0,15.0,140.0,384.0,245.0,862.0,52.0,70.0,72.0,519.0,2383.0,1789.0,23077.0,7775.0,,87026.0,1677.0,17607.0,307.0,14882.0,189973.0,252.0,12240.0,276.0,437.0,2334.0,320.0,669.0,2399.0,656.0,19.0,778.0,688.0,101.0,60.0,82.0,1410.0,3665.0,1300.0,121.0,33.0,5603.0,110.0,309.0,445.0,7.0,331.0,11633.0,2926.0,94.0,36.0,319.0,11.0,3568.0,46.0,132.0,16.0,48.0,35729.0,18.0,1114.0,10.0,671.0,981.0,14.0,7345.0,1716.0,11155.0,336.0,5166.0,8.0,220.0,20914.0,6981.0,10511.0,22353.0,1252.0,7764.0,10096.0,62773.0,154.0,15.0,15.0,13.0,501.0,8.0,13930.0,479.0,7276.0,11.0,64.0,11178.0,73.0,1325.0,1366.0,328.0,3953.0,10708.0,4.0,202961.0,368.0,162.0,10.0,32.0,16755.0,28414.0,42.0,427.0,,285.0,2839.0,23.0,88.0,115.0,918.0,101790.0,11.0,74.0,7647.0,8756.0,138078.0,869172.0,54.0,557.0,1778.0,9.0,298.0,270.0,,2657910.0,1.0,76.0,29.0
2020-04-25,1351.0,678.0,3127.0,731.0,25.0,3.0,24.0,3423.0,1677.0,100.0,6687.0,15068.0,1592.0,73.0,2518.0,4689.0,76.0,8773.0,44293.0,18.0,58.0,99.0,7.0,807.0,6.0,1420.0,22.0,52995.0,6.0,138.0,1188.0,626.0,12.0,122.0,1403.0,43877.0,88.0,66.0,19.0,40.0,12306.0,83899.0,4881.0,,200.0,687.0,1077.0,2009.0,1285.0,16.0,804.0,7273.0,416.0,8210.0,999.0,16.0,5749.0,11183.0,4092.0,261.0,212.0,39.0,1605.0,117.0,187.0,12.0,18.0,4395.0,122577.0,57.0,172.0,10.0,444.0,152438.0,1279.0,133.0,2490.0,11.0,15.0,141.0,430.0,245.0,954.0,52.0,73.0,72.0,591.0,2443.0,1789.0,24506.0,8211.0,,88194.0,1708.0,18184.0,308.0,15058.0,192994.0,288.0,12892.0,278.0,441.0,2482.0,336.0,703.0,2614.0,665.0,19.0,784.0,696.0,117.0,61.0,82.0,1410.0,3695.0,1326.0,122.0,33.0,5691.0,128.0,325.0,447.0,7.0,331.0,12872.0,3110.0,94.0,36.0,319.0,11.0,3758.0,65.0,144.0,16.0,49.0,36535.0,18.0,1117.0,11.0,681.0,1095.0,14.0,7408.0,1790.0,11940.0,340.0,5338.0,8.0,223.0,21648.0,7192.0,10892.0,22797.0,1276.0,8525.0,10417.0,68622.0,176.0,15.0,15.0,14.0,513.0,8.0,15102.0,545.0,7483.0,11.0,82.0,11178.0,73.0,1360.0,1373.0,328.0,4220.0,10718.0,5.0,205905.0,420.0,174.0,10.0,40.0,17567.0,28595.0,42.0,428.0,,300.0,2854.0,24.0,90.0,115.0,922.0,104912.0,11.0,75.0,8125.0,9281.0,143464.0,890524.0,54.0,563.0,1836.0,9.0,318.0,270.0,,2730743.0,1.0,84.0,29.0
2020-04-26,1463.0,712.0,3256.0,733.0,25.0,3.0,24.0,3767.0,1746.0,100.0,6703.0,15134.0,1617.0,78.0,2589.0,4998.0,79.0,9590.0,45325.0,18.0,58.0,99.0,7.0,866.0,6.0,1485.0,22.0,58509.0,6.0,138.0,1247.0,629.0,15.0,122.0,1518.0,45341.0,90.0,70.0,19.0,40.0,12858.0,83909.0,5142.0,,200.0,693.0,1111.0,2016.0,1337.0,16.0,810.0,7352.0,442.0,8445.0,1008.0,16.0,5926.0,11183.0,4319.0,298.0,214.0,39.0,1635.0,122.0,187.0,13.0,18.0,4475.0,124114.0,57.0,176.0,10.0,456.0,154175.0,1279.0,136.0,2506.0,11.0,18.0,141.0,473.0,245.0,996.0,52.0,74.0,72.0,627.0,2500.0,1790.0,26496.0,8607.0,,89328.0,1763.0,18561.0,308.0,15298.0,195351.0,305.0,13182.0,280.0,444.0,2652.0,343.0,731.0,2892.0,682.0,19.0,804.0,704.0,120.0,61.0,83.0,1426.0,3711.0,1367.0,124.0,33.0,5742.0,137.0,370.0,448.0,7.0,331.0,13842.0,3304.0,94.0,38.0,320.0,11.0,3897.0,70.0,146.0,16.0,49.0,37190.0,18.0,1121.0,12.0,684.0,1182.0,14.0,7467.0,1905.0,12723.0,342.0,5538.0,8.0,228.0,25331.0,7294.0,11273.0,23392.0,1307.0,9358.0,10635.0,74588.0,183.0,15.0,15.0,14.0,513.0,8.0,16299.0,614.0,7779.0,11.0,82.0,12693.0,73.0,1373.0,1388.0,390.0,4361.0,10728.0,5.0,207634.0,462.0,213.0,10.0,40.0,18177.0,28811.0,42.0,429.0,,300.0,2922.0,24.0,96.0,115.0,939.0,107773.0,11.0,75.0,8617.0,9813.0,148377.0,939053.0,55.0,596.0,1865.0,9.0,323.0,270.0,6.0,2832459.0,1.0,84.0,31.0
2020-04-27,1531.0,726.0,3382.0,740.0,26.0,3.0,24.0,3767.0,1808.0,100.0,6713.0,15189.0,1645.0,80.0,2647.0,5416.0,79.0,10463.0,46134.0,18.0,64.0,109.0,7.0,950.0,6.0,1516.0,22.0,61888.0,6.0,138.0,1300.0,632.0,15.0,122.0,1621.0,46884.0,106.0,70.0,19.0,46.0,13331.0,83912.0,5379.0,,200.0,695.0,1150.0,2030.0,1369.0,16.0,817.0,7404.0,459.0,8575.0,1023.0,16.0,6135.0,22719.0,4319.0,298.0,258.0,39.0,1643.0,123.0,187.0,13.0,18.0,4576.0,124575.0,57.0,176.0,10.0,486.0,155193.0,1550.0,141.0,2506.0,11.0,18.0,142.0,500.0,247.0,1094.0,53.0,74.0,72.0,661.0,2583.0,1792.0,27892.0,8882.0,,90481.0,1820.0,19262.0,308.0,15398.0,197675.0,350.0,13385.0,281.0,447.0,2717.0,355.0,763.0,3075.0,695.0,19.0,812.0,707.0,124.0,61.0,83.0,1438.0,3723.0,1386.0,124.0,34.0,5780.0,214.0,389.0,448.0,7.0,332.0,14677.0,3408.0,94.0,38.0,321.0,11.0,4065.0,76.0,146.0,16.0,52.0,37845.0,18.0,1122.0,13.0,696.0,1273.0,14.0,7505.0,1998.0,13328.0,495.0,5779.0,8.0,228.0,27517.0,7579.0,11617.0,23864.0,1371.0,10287.0,11036.0,80949.0,191.0,15.0,15.0,14.0,538.0,8.0,17522.0,671.0,8042.0,11.0,93.0,13624.0,74.0,1379.0,1407.0,436.0,4546.0,10738.0,6.0,209465.0,523.0,237.0,10.0,59.0,18640.0,28978.0,43.0,429.0,,300.0,2922.0,24.0,98.0,116.0,949.0,110130.0,11.0,79.0,9009.0,10349.0,152840.0,965910.0,55.0,606.0,1887.0,9.0,325.0,270.0,6.0,2915995.0,1.0,88.0,31.0
2020-04-28,1703.0,736.0,3517.0,743.0,27.0,3.0,24.0,3990.0,1867.0,100.0,6725.0,15256.0,1678.0,80.0,2723.0,5913.0,80.0,11289.0,46687.0,18.0,64.0,110.0,7.0,1014.0,6.0,1564.0,22.0,66501.0,6.0,138.0,1363.0,635.0,15.0,122.0,1621.0,48489.0,109.0,70.0,50.0,46.0,13813.0,83938.0,5597.0,,207.0,697.0,1164.0,2039.0,1389.0,16.0,822.0,7449.0,471.0,8698.0,1035.0,16.0,6135.0,23240.0,4782.0,323.0,258.0,39.0,1647.0,124.0,187.0,13.0,18.0,4695.0,125770.0,58.0,211.0,10.0,497.0,156337.0,1550.0,141.0,2534.0,11.0,18.0,144.0,530.0,247.0,1163.0,73.0,74.0,76.0,693.0,2649.0,1792.0,29435.0,9096.0,,91472.0,1847.0,19648.0,308.0,15466.0,199414.0,364.0,13576.0,283.0,449.0,2860.0,363.0,780.0,3288.0,708.0,19.0,818.0,710.0,133.0,61.0,83.0,1449.0,3729.0,1399.0,128.0,36.0,5820.0,214.0,408.0,450.0,7.0,334.0,15529.0,3481.0,95.0,38.0,321.0,11.0,4120.0,76.0,146.0,16.0,52.0,38245.0,18.0,1124.0,13.0,701.0,1337.0,14.0,7533.0,2049.0,14079.0,495.0,6021.0,8.0,230.0,28699.0,7777.0,11902.0,24027.0,1389.0,11244.0,11339.0,87147.0,207.0,15.0,15.0,15.0,538.0,8.0,18811.0,735.0,8275.0,11.0,99.0,14423.0,75.0,1381.0,1407.0,480.0,4793.0,10752.0,6.0,210773.0,588.0,275.0,10.0,65.0,18926.0,29081.0,43.0,429.0,,300.0,2938.0,24.0,99.0,116.0,967.0,112261.0,12.0,79.0,9009.0,10839.0,157149.0,988451.0,59.0,620.0,1904.0,9.0,329.0,270.0,6.0,2981427.0,1.0,89.0,32.0
2020-04-29,1827.0,750.0,3649.0,743.0,27.0,3.0,24.0,4114.0,1932.0,100.0,6738.0,15314.0,1717.0,80.0,2811.0,6462.0,80.0,12208.0,47334.0,18.0,64.0,110.0,7.0,1053.0,6.0,1588.0,23.0,71886.0,6.0,138.0,1399.0,638.0,15.0,122.0,1806.0,50015.0,113.0,70.0,50.0,52.0,14365.0,83940.0,5949.0,,207.0,705.0,1183.0,2047.0,1437.0,16.0,837.0,7504.0,491.0,8851.0,1072.0,16.0,6416.0,24258.0,5042.0,345.0,315.0,39.0,1660.0,126.0,187.0,13.0,18.0,4740.0,126835.0,58.0,238.0,10.0,511.0,157641.0,1671.0,141.0,2534.0,11.0,18.0,145.0,557.0,247.0,1240.0,73.0,75.0,76.0,738.0,2727.0,1795.0,31332.0,9511.0,,92584.0,1847.0,19877.0,309.0,15589.0,201505.0,381.0,13852.0,284.0,449.0,3063.0,374.0,790.0,3440.0,729.0,19.0,836.0,717.0,141.0,61.0,83.0,1344.0,3741.0,1421.0,128.0,36.0,5851.0,245.0,424.0,450.0,7.0,334.0,16752.0,3638.0,95.0,38.0,321.0,11.0,4252.0,76.0,150.0,16.0,54.0,38416.0,18.0,1126.0,13.0,709.0,1532.0,14.0,7605.0,2131.0,14885.0,495.0,6200.0,8.0,239.0,31190.0,7958.0,12218.0,24322.0,1400.0,11921.0,11616.0,93558.0,212.0,15.0,15.0,16.0,553.0,11.0,20077.0,823.0,8497.0,11.0,104.0,14951.0,75.0,1384.0,1408.0,528.0,4996.0,10761.0,34.0,212917.0,619.0,318.0,10.0,71.0,19621.0,29181.0,43.0,429.0,,306.0,2938.0,24.0,99.0,116.0,975.0,114653.0,12.0,79.0,9410.0,11380.0,161145.0,1012583.0,59.0,625.0,1939.0,9.0,329.0,270.0,6.0,3054404.0,1.0,95.0,32.0
2020-04-30,1949.0,766.0,3848.0,743.0,27.0,3.0,24.0,4272.0,1932.0,100.0,6746.0,15364.0,1766.0,80.0,2921.0,7103.0,80.0,13181.0,47859.0,18.0,69.0,111.0,7.0,1110.0,6.0,1588.0,23.0,78162.0,6.0,138.0,1447.0,641.0,15.0,122.0,1832.0,51587.0,113.0,73.0,50.0,52.0,14885.0,83944.0,6211.0,,220.0,713.0,1238.0,2062.0,1467.0,16.0,843.0,7579.0,500.0,9008.0,1077.0,16.0,6652.0,24675.0,5268.0,377.0,315.0,39.0,1666.0,130.0,187.0,13.0,18.0,4906.0,128442.0,58.0,276.0,11.0,517.0,159119.0,1671.0,141.0,2576.0,11.0,20.0,145.0,585.0,251.0,1351.0,77.0,78.0,76.0,771.0,2775.0,1797.0,33050.0,9771.0,,93657.0,2003.0,20253.0,313.0,15834.0,203591.0,396.0,14088.0,286.0,451.0,3205.0,384.0,799.0,3740.0,746.0,19.0,849.0,721.0,141.0,61.0,83.0,1375.0,3769.0,1442.0,128.0,36.0,5945.0,277.0,482.0,463.0,7.0,334.0,17799.0,3771.0,95.0,38.0,322.0,11.0,4321.0,76.0,150.0,16.0,57.0,38802.0,18.0,1129.0,14.0,713.0,1728.0,14.0,7667.0,2274.0,15759.0,507.0,6378.0,8.0,249.0,33931.0,8212.0,12640.0,24505.0,1433.0,12564.0,11978.0,99399.0,225.0,15.0,17.0,16.0,563.0,14.0,21402.0,882.0,8724.0,11.0,116.0,15641.0,76.0,1391.0,1418.0,582.0,5350.0,10765.0,34.0,213435.0,649.0,375.0,10.0,91.0,20302.0,29324.0,43.0,429.0,,480.0,2954.0,24.0,109.0,116.0,980.0,117589.0,12.0,81.0,9866.0,11929.0,165221.0,1039909.0,66.0,630.0,2002.0,10.0,331.0,270.0,6.0,3131302.0,6.0,97.0,34.0
2020-05-01,2171.0,773.0,4006.0,745.0,27.0,3.0,24.0,4415.0,2066.0,100.0,6762.0,15457.0,1804.0,81.0,3040.0,7667.0,81.0,14027.0,48519.0,18.0,84.0,114.0,7.0,1167.0,6.0,1689.0,23.0,85380.0,6.0,138.0,1506.0,645.0,15.0,122.0,1832.0,53236.0,121.0,73.0,50.0,73.0,16023.0,83956.0,6507.0,,220.0,719.0,1275.0,2076.0,1501.0,16.0,850.0,7682.0,572.0,9158.0,1089.0,16.0,6972.0,24934.0,5537.0,424.0,315.0,39.0,1689.0,131.0,187.0,13.0,18.0,4995.0,129581.0,58.0,276.0,12.0,539.0,159119.0,2074.0,144.0,2591.0,11.0,20.0,146.0,599.0,251.0,1495.0,205.0,82.0,81.0,804.0,2863.0,1797.0,35043.0,10118.0,,94640.0,2085.0,20612.0,315.0,15946.0,205463.0,422.0,14281.0,286.0,453.0,3504.0,396.0,799.0,4024.0,746.0,19.0,858.0,725.0,141.0,61.0,83.0,1385.0,3784.0,1465.0,132.0,37.0,6002.0,468.0,490.0,465.0,8.0,334.0,19224.0,3897.0,95.0,38.0,322.0,11.0,4423.0,76.0,151.0,16.0,57.0,39316.0,18.0,1132.0,14.0,719.0,1932.0,14.0,7710.0,2348.0,16817.0,507.0,6532.0,8.0,266.0,36976.0,8488.0,12877.0,25056.0,1539.0,13409.0,12240.0,106498.0,243.0,15.0,17.0,16.0,569.0,16.0,22753.0,933.0,9009.0,11.0,124.0,16169.0,76.0,1396.0,1429.0,601.0,5647.0,10774.0,35.0,215216.0,665.0,442.0,10.0,100.0,21092.0,29503.0,43.0,429.0,15.0,480.0,2960.0,24.0,116.0,116.0,994.0,120204.0,12.0,83.0,9866.0,12481.0,171253.0,1069826.0,66.0,643.0,2046.0,11.0,333.0,270.0,6.0,3216031.0,6.0,106.0,34.0
2020-05-02,2335.0,782.0,4154.0,746.0,29.0,3.0,25.0,4519.0,2148.0,100.0,6767.0,15531.0,1854.0,82.0,3170.0,8238.0,81.0,14917.0,49032.0,18.0,90.0,114.0,7.0,1229.0,6.0,1781.0,23.0,91589.0,6.0,138.0,1588.0,649.0,15.0,122.0,2069.0,55061.0,123.0,74.0,72.0,73.0,17008.0,83959.0,7006.0,1.0,229.0,725.0,1333.0,2085.0,1537.0,16.0,857.0,7737.0,604.0,9311.0,1097.0,16.0,7288.0,26336.0,5895.0,446.0,315.0,39.0,1694.0,133.0,187.0,13.0,18.0,5051.0,130185.0,58.0,308.0,12.0,582.0,161703.0,2074.0,144.0,2591.0,11.0,20.0,146.0,644.0,252.0,1537.0,257.0,82.0,85.0,899.0,2942.0,1798.0,37336.0,10551.0,,95646.0,2153.0,20833.0,316.0,16101.0,207428.0,432.0,14544.0,286.0,459.0,3671.0,411.0,813.0,4377.0,769.0,19.0,870.0,729.0,152.0,63.0,83.0,1399.0,3802.0,1494.0,135.0,37.0,6071.0,491.0,508.0,467.0,8.0,334.0,20739.0,3980.0,95.0,39.0,322.0,11.0,4569.0,79.0,151.0,16.0,59.0,39791.0,18.0,1134.0,14.0,728.0,2170.0,14.0,7759.0,2447.0,18114.0,517.0,6720.0,8.0,333.0,40459.0,8772.0,13105.0,25351.0,1575.0,14096.0,12567.0,114431.0,249.0,15.0,17.0,16.0,580.0,18.0,24097.0,1024.0,9205.0,11.0,136.0,17101.0,76.0,1403.0,1434.0,601.0,5951.0,10780.0,45.0,,690.0,442.0,10.0,106.0,21520.0,29622.0,44.0,429.0,15.0,480.0,2960.0,24.0,123.0,116.0,998.0,122392.0,12.0,85.0,11411.0,13038.0,177454.0,1103781.0,66.0,648.0,2094.0,11.0,335.0,270.0,6.0,3307600.0,7.0,109.0,34.0
2020-05-03,2469.0,789.0,4295.0,747.0,35.0,3.0,25.0,4668.0,2273.0,100.0,6783.0,15558.0,1894.0,83.0,3284.0,8790.0,81.0,15828.0,49517.0,18.0,90.0,114.0,7.0,1470.0,6.0,1839.0,23.0,96559.0,6.0,138.0,1594.0,652.0,19.0,122.0,2077.0,56714.0,152.0,74.0,72.0,117.0,18435.0,83961.0,7285.0,1.0,229.0,733.0,1362.0,2088.0,1611.0,16.0,864.0,7755.0,674.0,9407.0,1112.0,16.0,7578.0,27464.0,6193.0,446.0,315.0,39.0,1699.0,133.0,187.0,13.0,18.0,5179.0,130979.0,58.0,335.0,17.0,582.0,162496.0,2169.0,144.0,2620.0,11.0,21.0,148.0,688.0,252.0,1586.0,257.0,82.0,85.0,1010.0,2998.0,1798.0,39980.0,10843.0,,96448.0,2219.0,21176.0,320.0,16185.0,209328.0,463.0,14839.0,291.0,460.0,3877.0,435.0,823.0,4619.0,795.0,19.0,871.0,733.0,154.0,63.0,83.0,1406.0,3812.0,1506.0,135.0,38.0,6176.0,519.0,544.0,467.0,8.0,334.0,22088.0,4052.0,95.0,39.0,322.0,11.0,4729.0,79.0,151.0,16.0,59.0,40236.0,18.0,1136.0,14.0,736.0,2388.0,14.0,7759.0,2483.0,19103.0,517.0,7090.0,8.0,370.0,42534.0,8928.0,13375.0,25190.0,1757.0,14872.0,12732.0,124054.0,255.0,15.0,17.0,16.0,580.0,18.0,25459.0,1115.0,9362.0,11.0,155.0,17548.0,76.0,1407.0,1439.0,671.0,6336.0,10793.0,45.0,216582.0,705.0,592.0,10.0,108.0,22082.0,29734.0,44.0,432.0,32.0,480.0,2966.0,24.0,123.0,116.0,1009.0,124375.0,12.0,88.0,11411.0,13599.0,182260.0,1133069.0,66.0,652.0,2127.0,11.0,345.0,270.0,6.0,3388665.0,10.0,119.0,34.0
