date,Afghanistan,Albania,Algeria,Andorra,Angola,Anguilla,Argentina,Armenia,Aruba,Australia,Austria,Azerbaijan,Bahamas,Bahrain,Bangladesh,Barbados,Belarus,Belgium,Belize,Benin,Bermuda,Bhutan,Bolivia,Botswana,Brazil,Bulgaria,Burundi,Cambodia,Cameroon,Canada,Chad,Chile,China,Colombia,Congo,Croatia,Cuba,Cyprus,Denmark,Djibouti,Dominica,Ecuador,Egypt,Eritrea,Estonia,Ethiopia,Fiji,Finland,France,Gabon,Gambia,Georgia,Germany,Ghana,Gibraltar,Greece,Greenland,Grenada,Guam,Guatemala,Guernsey,Guinea,Guyana,Haiti,Honduras,Hungary,Iceland,India,Indonesia,Iran,Iraq,Ireland,Israel,Italy,Jamaica,Japan,Jersey,Jordan,Kazakhstan,Kenya,Kosovo,Kuwait,Kyrgyzstan,Laos,Latvia,Lebanon,Liberia,Libya,Liechtenstein,Lithuania,Luxembourg,Madagascar,Malawi,Malaysia,Maldives,Mali,Malta,Mauritania,Mauritius,Mexico,Moldova,Monaco,Mongolia,Montenegro,Montserrat,Morocco,Mozambique,Myanmar,Namibia,Nepal,Netherlands,Nicaragua,Niger,Nigeria,Norway,Oman,Pakistan,Palestine,Panama,Paraguay,Peru,Philippines,Poland,Portugal,Qatar,Romania,Russia,Rwanda,Senegal,Serbia,Seychelles,Singapore,Slovakia,Slovenia,Somalia,Spain,Sudan,Suriname,Sweden,Switzerland,Syria,Taiwan,Thailand,Togo,Tunisia,Turkey,Uganda,Ukraine,Uruguay,Uzbekistan,Venezuela,Vietnam,Yemen,Zambia,Zimbabwe
2019-12-31,0.0,,0.0,,,,,0.0,,0.0,0.0,0.0,,0.0,,,0.0,0.0,,,,,,,0.0,,,0.0,,0.0,,,0.0,,,0.0,,,0.0,,,0.0,0.0,,0.0,,,0.0,0.0,,,0.0,0.0,,,0.0,,,,,,,,,,,0.0,0.0,0.0,0.0,0.0,0.0,0.0,0.0,,0.0,,,,,,0.0,,,,0.0,,,,0.0,0.0,,,0.0,,,,,,0.0,,0.0,,,,,,,,0.0,0.0,,,0.0,0.0,0.0,0.0,,,,,0.0,,,0.0,0.0,0.0,,,,,0.0,,,,0.0,,,0.0,0.0,,0.0,0.0,,,,,,,,,0.0,,,
2020-01-01,0.0,,0.0,,,,,0.0,,0.0,0.0,0.0,,0.0,,,0.0,0.0,,,,,,,0.0,,,0.0,,0.0,,,0.0,,,0.0,,,0.0,,,0.0,0.0,,0.0,,,0.0,0.0,,,0.0,0.0,,,0.0,,,,,,,,,,,0.0,0.0,0.0,0.0,0.0,0.0,0.0,0.0,,0.0,,,,,,0.0,,,,0.0,,,,0.0,0.0,,,0.0,,,,,,0.0,,0.0,,,,,,,,0.0,0.0,,,0.0,0.0,0.0,0.0,,,,,0.0,,,0.0,0.0,0.0,,,,,0.0,,,,0.0,,,0.0,0.0,,0.0,0.0,,,,,,,,,0.0,,,
2020-01-02,0.0,,0.0,,,,,0.0,,0.0,0.0,0.0,,0.0,,,0.0,0.0,,,,,,,0.0,,,0.0,,0.0,,,0.0,,,0.0,,,0.0,,,0.0,0.0,,0.0,,,0.0,0.0,,,0.0,0.0,,,0.0,,,,,,,,,,,0.0,0.0,0.0,0.0,0.0,0.0,0.0,0.0,,0.0,,,,,,0.0,,,,0.0,,,,0.0,0.0,,,0.0,,,,,,0.0,,0.0,,,,,,,,0.0,0.0,,,0.0,0.0,0.0,0.0,,,,,0.0,,,0.0,0.0,0.0,,,,,0.0,,,,0.0,,,0.0,0.0,,0.0,0.0,,,,,,,,,0.0,,,
2020-01-03,0.0,,0.0,,,,,0.0,,0.0,0.0,0.0,,0.0,,,0.0,0.0,,,,,,,0.0,,,0.0,,0.0,,,0.0,,,0.0,,,0.0,,,0.0,0.0,,0.0,,,0.0,0.0,,,0.0,0.0,,,0.0,,,,,,,,,,,0.0,0.0,0.0,0.0,0.0,0.0,0.0,0.0,,0.0,,,,,,0.0,,,,0.0,,,,0.0,0.0,,,0.0,,,,,,0.0,,0.0,,,,,,,,0.0,0.0,,,0.0,0.0,0.0,0.0,,,,,0.0,,,0.0,0.0,0.0,,,,,0.0,,,,0.0,,,0.0,0.0,,0.0,0.0,,,,,,,,,0.0,,,
2020-01-04,0.0,,0.0,,,,,0.0,,0.0,0.0,0.0,,0.0,,,0.0,0.0,,,,,,,0.0,,,0.0,,0.0,,,0.0,,,0.0,,,0.0,,,0.0,0.0,,0.0,,,0.0,0.0,,,0.0,0.0,,,0.0,,,,,,,,,,,0.0,0.0,0.0,0.0,0.0,0.0,0.0,0.0,,0.0,,,,,,0.0,,,,0.0,,,,0.0,0.0,,,0.0,,,,,,0.0,,0.0,,,,,,,,0.0,0.0,,,0.0,0.0,0.0,0.0,,,,,0.0,,,0.0,0.0,0.0,,,,,0.0,,,,0.0,,,0.0,0.0,,0.0,0.0,,,,,,,,,0.0,,,
2020-01-05,0.0,,0.0,,,,,0.0,,0.0,0.0,0.0,,0.0,,,0.0,0.0,,,,,,,0.0,,,0.0,,0.0,,,0.0,,,0.0,,,0.0,,,0.0,0.0,,0.0,,,0.0,0.0,,,0.0,0.0,,,0.0,,,,,,,,,,,0.0,0.0,0.0,0.0,0.0,0.0,0.0,0.0,,0.0,,,,,,0.0,,,,0.0,,,,0.0,0.0,,,0.0,,,,,,0.0,,0.0,,,,,,,,0.0,0.0,,,0.0,0.0,0.0,0.0,,,,,0.0,,,0.0,0.0,0.0,,,,,0.0,,,,0.0,,,0.0,0.0,,0.0,0.0,,,,,,,,,0.0,,,
2020-01-06,0.0,,0.0,,,,,0.0,,0.0,0.0,0.0,,0.0,,,0.0,0.0,,,,,,,0.0,,,0.0,,0.0,,,0.0,,,0.0,,,0.0,,,0.0,0.0,,0.0,,,0.0,0.0,,,0.0,0.0,,,0.0,,,,,,,,,,,0.0,0.0,0.0,0.0,0.0,0.0,0.0,0.0,,0.0,,,,,,0.0,,,,0.0,,,,0.0,0.0,,,0.0,,,,,,0.0,,0.0,,,,,,,,0.0,0.0,,,0.0,0.0,0.0,0.0,,,,,0.0,,,0.0,0.0,0.0,,,,,0.0,,,,0.0,,,0.0,0.0,,0.0,0.0,,,,,,,,,0.0,,,
2020-01-07,0.0,,0.0,,,,,0.0,,0.0,0.0,0.0,,0.0,,,0.0,0.0,,,,,,,0.0,,,0.0,,0.0,,,0.0,,,0.0,,,0.0,,,0.0,0.0,,0.0,,,0.0,0.0,,,0.0,0.0,,,0.0,,,,,,,,,,,0.0,0.0,0.0,0.0,0.0,0.0,0.0,0.0,,0.0,,,,,,0.0,,,,0.0,,,,0.0,0.0,,,0.0,,,,,,0.0,,0.0,,,,,,,,0.0,0.0,,,0.0,0.0,0.0,0.0,,,,,0.0,,,0.0,0.0,0.0,,,,,0.0,,,,0.0,,,0.0,0.0,,0.0,0.0,,,,,,,,,0.0,,,
2020-01-08,0.0,,0.0,,,,,0.0,,0.0,0.0,0.0,,0.0,,,0.0,0.0,,,,,,,0.0,,,0.0,,0.0,,,0.0,,,0.0,,,0.0,,,0.0,0.0,,0.0,,,0.0,0.0,,,0.0,0.0,,,0.0,,,,,,,,,,,0.0,0.0,0.0,0.0,0.0,0.0,0.0,0.0,,0.0,,,,,,0.0,,,,0.0,,,,0.0,0.0,,,0.0,,,,,,0.0,,0.0,,,,,,,,0.0,0.0,,,0.0,0.0,0.0,0.0,,,,,0.0,,,0.0,0.0,0.0,,,,,0.0,,,,0.0,,,0.0,0.0,,0.0,0.0,,,,,,,,,0.0,,,
2020-01-09,0.0,,0.0,,,,,0.0,,0.0,0.0,0.0,,0.0,,,0.0,0.0,,,,,,,0.0,,,0.0,,0.0,,,0.0,,,0.0,,,0.0,,,0.0,0.0,,0.0,,,0.0,0.0,,,0.0,0.0,,,0.0,,,,,,,,,,,0.0,0.0,0.0,0.0,0.0,0.0,0.0,0.0,,0.0,,,,,,0.0,,,,0.0,,,,0.0,0.0,,,0.0,,,,,,0.0,,0.0,,,,,,,,0.0,0.0,,,0.0,0.0,0.0,0.0,,,,,0.0,,,0.0,0.0,0.0,,,,,0.0,,,,0.0,,,0.0,0.0,,0.0,0.0,,,,,,,,,0.0,,,
2020-01-10,0.0,,0.0,,,,,0.0,,0.0,0.0,0.0,,0.0,,,0.0,0.0,,,,,,,0.0,,,0.0,,0.0,,,0.0,,,0.0,,,0.0,,,0.0,0.0,,0.0,,,0.0,0.0,,,0.0,0.0,,,0.0,,,,,,,,,,,0.0,0.0,0.0,0.0,0.0,0.0,0.0,0.0,,0.0,,,,,,0.0,,,,0.0,,,,0.0,0.0,,,0.0,,,,,,0.0,,0.0,,,,,,,,0.0,0.0,,,0.0,0.0,0.0,0.0,,,,,0.0,,,0.0,0.0,0.0,,,,,0.0,,,,0.0,,,0.0,0.0,,0.0,0.0,,,,,,,,,0.0,,,
2020-01-11,0.0,,0.0,,,,,0.0,,0.0,0.0,0.0,,0.0,,,0.0,0.0,,,,,,,0.0,,,0.0,,0.0,,,1.0,,,0.0,,,0.0,,,0.0,0.0,,0.0,,,0.0,0.0,,,0.0,0.0,,,0.0,,,,,,,,,,,0.0,0.0,0.0,0.0,0.0,0.0,0.0,0.0,,0.0,,,,,,0.0,,,,0.0,,,,0.0,0.0,,,0.0,,,,,,0.0,,0.0,,,,,,,,0.0,0.0,,,0.0,0.0,0.0,0.0,,,,,0.0,,,0.0,0.0,0.0,,,,,0.0,,,,0.0,,,0.0,0.0,,0.0,0.0,,,,,,,,,0.0,,,
2020-01-12,0.0,,0.0,,,,,0.0,,0.0,0.0,0.0,,0.0,,,0.0,0.0,,,,,,,0.0,,,0.0,,0.0,,,1.0,,,0.0,,,0.0,,,0.0,0.0,,0.0,,,0.0,0.0,,,0.0,0.0,,,0.0,,,,,,,,,,,0.0,0.0,0.0,0.0,0.0,0.0,0.0,0.0,,0.0,,,,,,0.0,,,,0.0,,,,0.0,0.0,,,0.0,,,,,,0.0,,0.0,,,,,,,,0.0,0.0,,,0.0,0.0,0.0,0.0,,,,,0.0,,,0.0,0.0,0.0,,,,,0.0,,,,0.0,,,0.0,0.0,,0.0,0.0,,,,,,,,,0.0,,,
2020-01-13,0.0,,0.0,,,,,0.0,,0.0,0.0,0.0,,0.0,,,0.0,0.0,,,,,,,0.0,,,0.0,,0.0,,,1.0,,,0.0,,,0.0,,,0.0,0.0,,0.0,,,0.0,0.0,,,0.0,0.0,,,0.0,,,,,,,,,,,0.0,0.0,0.0,0.0,0.0,0.0,0.0,0.0,,0.0,,,,,,0.0,,,,0.0,,,,0.0,0.0,,,0.0,,,,,,0.0,,0.0,,,,,,,,0.0,0.0,,,0.0,0.0,0.0,0.0,,,,,0.0,,,0.0,0.0,0.0,,,,,0.0,,,,0.0,,,0.0,0.0,,0.0,0.0,,,,,,,,,0.0,,,
2020-01-14,0.0,,0.0,,,,,0.0,,0.0,0.0,0.0,,0.0,,,0.0,0.0,,,,,,,0.0,,,0.0,,0.0,,,1.0,,,0.0,,,0.0,,,0.0,0.0,,0.0,,,0.0,0.0,,,0.0,0.0,,,0.0,,,,,,,,,,,0.0,0.0,0.0,0.0,0.0,0.0,0.0,0.0,,0.0,,,,,,0.0,,,,0.0,,,,0.0,0.0,,,0.0,,,,,,0.0,,0.0,,,,,,,,0.0,0.0,,,0.0,0.0,0.0,0.0,,,,,0.0,,,0.0,0.0,0.0,,,,,0.0,,,,0.0,,,0.0,0.0,,0.0,0.0,,,,,,,,,0.0,,,
2020-01-15,0.0,,0.0,,,,,0.0,,0.0,0.0,0.0,,0.0,,,0.0,0.0,,,,,,,0.0,,,0.0,,0.0,,,2.0,,,0.0,,,0.0,,,0.0,0.0,,0.0,,,0.0,0.0,,,0.0,0.0,,,0.0,,,,,,,,,,,0.0,0.0,0.0,0.0,0.0,0.0,0.0,0.0,,0.0,,,,,,0.0,,,,0.0,,,,0.0,0.0,,,0.0,,,,,,0.0,,0.0,,,,,,,,0.0,0.0,,,0.0,0.0,0.0,0.0,,,,,0.0,,,0.0,0.0,0.0,,,,,0.0,,,,0.0,,,0.0,0.0,,0.0,0.0,,,,,,,,,0.0,,,
2020-01-16,0.0,,0.0,,,,,0.0,,0.0,0.0,0.0,,0.0,,,0.0,0.0,,,,,,,0.0,,,0.0,,0.0,,,2.0,,,0.0,,,0.0,,,0.0,0.0,,0.0,,,0.0,0.0,,,0.0,0.0,,,0.0,,,,,,,,,,,0.0,0.0,0.0,0.0,0.0,0.0,0.0,0.0,,0.0,,,,,,0.0,,,,0.0,,,,0.0,0.0,,,0.0,,,,,,0.0,,0.0,,,,,,,,0.0,0.0,,,0.0,0.0,0.0,0.0,,,,,0.0,,,0.0,0.0,0.0,,,,,0.0,,,,0.0,,,0.0,0.0,,0.0,0.0,,,,,,,,,0.0,,,
2020-01-17,0.0,,0.0,,,,,0.0,,0.0,0.0,0.0,,0.0,,,0.0,0.0,,,,,,,0.0,,,0.0,,0.0,,,2.0,,,0.0,,,0.0,,,0.0,0.0,,0.0,,,0.0,0.0,,,0.0,0.0,,,0.0,,,,,,,,,,,0.0,0.0,0.0,0.0,0.0,0.0,0.0,0.0,,0.0,,,,,,0.0,,,,0.0,,,,0.0,0.0,,,0.0,,,,,,0.0,,0.0,,,,,,,,0.0,0.0,,,0.0,0.0,0.0,0.0,,,,,0.0,,,0.0,0.0,0.0,,,,,0.0,,,,0.0,,,0.0,0.0,,0.0,0.0,,,,,,,,,0.0,,,
2020-01-18,0.0,,0.0,,,,,0.0,,0.0,0.0,0.0,,0.0,,,0.0,0.0,,,,,,,0.0,,,0.0,,0.0,,,2.0,,,0.0,,,0.0,,,0.0,0.0,,0.0,,,0.0,0.0,,,0.0,0.0,,,0.0,,,,,,,,,,,0.0,0.0,0.0,0.0,0.0,0.0,0.0,0.0,,0.0,,,,,,0.0,,,,0.0,,,,0.0,0.0,,,0.0,,,,,,0.0,,0.0,,,,,,,,0.0,0.0,,,0.0,0.0,0.0,0.0,,,,,0.0,,,0.0,0.0,0.0,,,,,0.0,,,,0.0,,,0.0,0.0,,0.0,0.0,,,,,,,,,0.0,,,
2020-01-19,0.0,,0.0,,,,,0.0,,0.0,0.0,0.0,,0.0,,,0.0,0.0,,,,,,,0.0,,,0.0,,0.0,,,3.0,,,0.0,,,0.0,,,0.0,0.0,,0.0,,,0.0,0.0,,,0.0,0.0,,,0.0,,,,,,,,,,,0.0,0.0,0.0,0.0,0.0,0.0,0.0,0.0,,0.0,,,,,,0.0,,,,0.0,,,,0.0,0.0,,,0.0,,,,,,0.0,,0.0,,,,,,,,0.0,0.0,,,0.0,0.0,0.0,0.0,,,,,0.0,,,0.0,0.0,0.0,,,,,0.0,,,,0.0,,,0.0,0.0,,0.0,0.0,,,,,,,,,0.0,,,
2020-01-20,0.0,,0.0,,,,,0.0,,0.0,0.0,0.0,,0.0,,,0.0,0.0,,,,,,,0.0,,,0.0,,0.0,,,3.0,,,0.0,,,0.0,,,0.0,0.0,,0.0,,,0.0,0.0,,,0.0,0.0,,,0.0,,,,,,,,,,,0.0,0.0,0.0,0.0,0.0,0.0,0.0,0.0,,0.0,,,,,,0.0,,,,0.0,,,,0.0,0.0,,,0.0,,,,,,0.0,,0.0,,,,,,,,0.0,0.0,,,0.0,0.0,0.0,0.0,,,,,0.0,,,0.0,0.0,0.0,,,,,0.0,,,,0.0,,,0.0,0.0,,0.0,0.0,,,,,,,,,0.0,,,
2020-01-21,0.0,,0.0,,,,,0.0,,0.0,0.0,0.0,,0.0,,,0.0,0.0,,,,,,,0.0,,,0.0,,0.0,,,6.0,,,0.0,,,0.0,,,0.0,0.0,,0.0,,,0.0,0.0,,,0.0,0.0,,,0.0,,,,,,,,,,,0.0,0.0,0.0,0.0,0.0,0.0,0.0,0.0,,0.0,,,,,,0.0,,,,0.0,,,,0.0,0.0,,,0.0,,,,,,0.0,,0.0,,,,,,,,0.0,0.0,,,0.0,0.0,0.0,0.0,,,,,0.0,,,0.0,0.0,0.0,,,,,0.0,,,,0.0,,,0.0,0.0,,0.0,0.0,,,,,,,,,0.0,,,
2020-01-22,0.0,,0.0,,,,,0.0,,0.0,0.0,0.0,,0.0,,,0.0,0.0,,,,,,,0.0,,,0.0,,0.0,,,17.0,,,0.0,,,0.0,,,0.0,0.0,,0.0,,,0.0,0.0,,,0.0,0.0,,,0.0,,,,,,,,,,,0.0,0.0,0.0,0.0,0.0,0.0,0.0,0.0,,0.0,,,,,,0.0,,,,0.0,,,,0.0,0.0,,,0.0,,,,,,0.0,,0.0,,,,,,,,0.0,0.0,,,0.0,0.0,0.0,0.0,,,,,0.0,,,0.0,0.0,0.0,,,,,0.0,,,,0.0,,,0.0,0.0,,0.0,0.0,,,,,,,,,0.0,,,
2020-01-23,0.0,,0.0,,,,,0.0,,0.0,0.0,0.0,,0.0,,,0.0,0.0,,,,,,,0.0,,,0.0,,0.0,,,17.0,,,0.0,,,0.0,,,0.0,0.0,,0.0,,,0.0,0.0,,,0.0,0.0,,,0.0,,,,,,,,,,,0.0,0.0,0.0,0.0,0.0,0.0,0.0,0.0,,0.0,,,,,,0.0,,,,0.0,,,,0.0,0.0,,,0.0,,,,,,0.0,,0.0,,,,,,,,0.0,0.0,,,0.0,0.0,0.0,0.0,,,,,0.0,,,0.0,0.0,0.0,,,,,0.0,,,,0.0,,,0.0,0.0,,0.0,0.0,,,,,,,,,0.0,,,
2020-01-24,0.0,,0.0,,,,,0.0,,0.0,0.0,0.0,,0.0,,,0.0,0.0,,,,,,,0.0,,,0.0,,0.0,,,26.0,,,0.0,,,0.0,,,0.0,0.0,,0.0,,,0.0,0.0,,,0.0,0.0,,,0.0,,,,,,,,,,,0.0,0.0,0.0,0.0,0.0,0.0,0.0,0.0,,0.0,,,,,,0.0,,,,0.0,,,,0.0,0.0,,,0.0,,,,,,0.0,,0.0,,,,,,,,0.0,0.0,,,0.0,0.0,0.0,0.0,,,,,0.0,,,0.0,0.0,0.0,,,,,0.0,,,,0.0,,,0.0,0.0,,0.0,0.0,,,,,,,,,0.0,,,
2020-01-25,0.0,,0.0,,,,,0.0,,0.0,0.0,0.0,,0.0,,,0.0,0.0,,,,,,,0.0,,,0.0,,0.0,,,41.0,,,0.0,,,0.0,,,0.0,0.0,,0.0,,,0.0,0.0,,,0.0,0.0,,,0.0,,,,,,,,,,,0.0,0.0,0.0,0.0,0.0,0.0,0.0,0.0,,0.0,,,,,,0.0,,,,0.0,,,,0.0,0.0,,,0.0,,,,,,0.0,,0.0,,,,,,,,0.0,0.0,,,0.0,0.0,0.0,0.0,,,,,0.0,,,0.0,0.0,0.0,,,,,0.0,,,,0.0,,,0.0,0.0,,0.0,0.0,,,,,,,,,0.0,,,
2020-01-26,0.0,,0.0,,,,,0.0,,0.0,0.0,0.0,,0.0,,,0.0,0.0,,,,,,,0.0,,,0.0,,0.0,,,56.0,,,0.0,,,0.0,,,0.0,0.0,,0.0,,,0.0,0.0,,,0.0,0.0,,,0.0,,,,,,,,,,,0.0,0.0,0.0,0.0,0.0,0.0,0.0,0.0,,0.0,,,,,,0.0,,,,0.0,,,,0.0,0.0,,,0.0,,,,,,0.0,,0.0,,,,,,,,0.0,0.0,,,0.0,0.0,0.0,0.0,,,,,0.0,,,0.0,0.0,0.0,,,,,0.0,,,,0.0,,,0.0,0.0,,0.0,0.0,,,,,,,,,0.0,,,
2020-01-27,0.0,,0.0,,,,,0.0,,0.0,0.0,0.0,,0.0,,,0.0,0.0,,,,,,,0.0,,,0.0,,0.0,,,81.0,,,0.0,,,0.0,,,0.0,0.0,,0.0,,,0.0,0.0,,,0.0,0.0,,,0.0,,,,,,,,,,,0.0,0.0,0.0,0.0,0.0,0.0,0.0,0.0,,0.0,,,,,,0.0,,,,0.0,,,,0.0,0.0,,,0.0,,,,,,0.0,,0.0,,,,,,,,0.0,0.0,,,0.0,0.0,0.0,0.0,,,,,0.0,,,0.0,0.0,0.0,,,,,0.0,,,,0.0,,,0.0,0.0,,0.0,0.0,,,,,,,,,0.0,,,
2020-01-28,0.0,,0.0,,,,,0.0,,0.0,0.0,0.0,,0.0,,,0.0,0.0,,,,,,,0.0,,,0.0,,0.0,,,106.0,,,0.0,,,0.0,,,0.0,0.0,,0.0,,,0.0,0.0,,,0.0,0.0,,,0.0,,,,,,,,,,,0.0,0.0,0.0,0.0,0.0,0.0,0.0,0.0,,0.0,,,,,,0.0,,,,0.0,,,,0.0,0.0,,,0.0,,,,,,0.0,,0.0,,,,,,,,0.0,0.0,,,0.0,0.0,0.0,0.0,,,,,0.0,,,0.0,0.0,0.0,,,,,0.0,,,,0.0,,,0.0,0.0,,0.0,0.0,,,,,,,,,0.0,,,
2020-01-29,0.0,,0.0,,,,,0.0,,0.0,0.0,0.0,,0.0,,,0.0,0.0,,,,,,,0.0,,,0.0,,0.0,,,132.0,,,0.0,,,0.0,,,0.0,0.0,,0.0,,,0.0,0.0,,,0.0,0.0,,,0.0,,,,,,,,,,,0.0,0.0,0.0,0.0,0.0,0.0,0.0,0.0,,0.0,,,,,,0.0,,,,0.0,,,,0.0,0.0,,,0.0,,,,,,0.0,,0.0,,,,,,,,0.0,0.0,,,0.0,0.0,0.0,0.0,,,,,0.0,,,0.0,0.0,0.0,,,,,0.0,,,,0.0,,,0.0,0.0,,0.0,0.0,,,,,,,,,0.0,,,
2020-01-30,0.0,,0.0,,,,,0.0,,0.0,0.0,0.0,,0.0,,,0.0,0.0,,,,,,,0.0,,,0.0,,0.0,,,170.0,,,0.0,,,0.0,,,0.0,0.0,,0.0,,,0.0,0.0,,,0.0,0.0,,,0.0,,,,,,,,,,,0.0,0.0,0.0,0.0,0.0,0.0,0.0,0.0,,0.0,,,,,,0.0,,,,0.0,,,,0.0,0.0,,,0.0,,,,,,0.0,,0.0,,,,,,,,0.0,0.0,,,0.0,0.0,0.0,0.0,,,,,0.0,,,0.0,0.0,0.0,,,,,0.0,,,,0.0,,,0.0,0.0,,0.0,0.0,,,,,,,,,0.0,,,
2020-01-31,0.0,,0.0,,,,,0.0,,0.0,0.0,0.0,,0.0,,,0.0,0.0,,,,,,,0.0,,,0.0,,0.0,,,213.0,,,0.0,,,0.0,,,0.0,0.0,,0.0,,,0.0,0.0,,,0.0,0.0,,,0.0,,,,,,,,,,,0.0,0.0,0.0,0.0,0.0,0.0,0.0,0.0,,0.0,,,,,,0.0,,,,0.0,,,,0.0,0.0,,,0.0,,,,,,0.0,,0.0,,,,,,,,0.0,0.0,,,0.0,0.0,0.0,0.0,,,,,0.0,,,0.0,0.0,0.0,,,,,0.0,,,,0.0,,,0.0,0.0,,0.0,0.0,,,,,,,,,0.0,,,
2020-02-01,0.0,,0.0,,,,,0.0,,0.0,0.0,0.0,,0.0,,,0.0,0.0,,,,,,,0.0,,,0.0,,0.0,,,259.0,,,0.0,,,0.0,,,0.0,0.0,,0.0,,,0.0,0.0,,,0.0,0.0,,,0.0,,,,,,,,,,,0.0,0.0,0.0,0.0,0.0,0.0,0.0,0.0,,0.0,,,,,,0.0,,,,0.0,,,,0.0,0.0,,,0.0,,,,,,0.0,,0.0,,,,,,,,0.0,0.0,,,0.0,0.0,0.0,0.0,,,,,0.0,,,0.0,0.0,0.0,,,,,0.0,,,,0.0,,,0.0,0.0,,0.0,0.0,,,,,,,,,0.0,,,
2020-02-02,0.0,,0.0,,,,,0.0,,0.0,0.0,0.0,,0.0,,,0.0,0.0,,,,,,,0.0,,,0.0,,0.0,,,304.0,,,0.0,,,0.0,,,0.0,0.0,,0.0,,,0.0,0.0,,,0.0,0.0,,,0.0,,,,,,,,,,,0.0,0.0,0.0,0.0,0.0,0.0,0.0,0.0,,0.0,,,,,,0.0,,,,0.0,,,,0.0,0.0,,,0.0,,,,,,0.0,,0.0,,,,,,,,0.0,0.0,,,0.0,0.0,0.0,0.0,,,,,1.0,,,0.0,0.0,0.0,,,,,0.0,,,,0.0,,,0.0,0.0,,0.0,0.0,,,,,,,,,0.0,,,
2020-02-03,0.0,,0.0,,,,,0.0,,0.0,0.0,0.0,,0.0,,,0.0,0.0,,,,,,,0.0,,,0.0,,0.0,,,361.0,,,0.0,,,0.0,,,0.0,0.0,,0.0,,,0.0,0.0,,,0.0,0.0,,,0.0,,,,,,,,,,,0.0,0.0,0.0,0.0,0.0,0.0,0.0,0.0,,0.0,,,,,,0.0,,,,0.0,,,,0.0,0.0,,,0.0,,,,,,0.0,,0.0,,,,,,,,0.0,0.0,,,0.0,0.0,0.0,0.0,,,,,1.0,,,0.0,0.0,0.0,,,,,0.0,,,,0.0,,,0.0,0.0,,0.0,0.0,,,,,,,,,0.0,,,
2020-02-04,0.0,,0.0,,,,,0.0,,0.0,0.0,0.0,,0.0,,,0.0,0.0,,,,,,,0.0,,,0.0,,0.0,,,426.0,,,0.0,,,0.0,,,0.0,0.0,,0.0,,,0.0,0.0,,,0.0,0.0,,,0.0,,,,,,,,,,,0.0,0.0,0.0,0.0,0.0,0.0,0.0,0.0,,0.0,,,,,,0.0,,,,0.0,,,,0.0,0.0,,,0.0,,,,,,0.0,,0.0,,,,,,,,0.0,0.0,,,0.0,0.0,0.0,0.0,,,,,1.0,,,0.0,0.0,0.0,,,,,0.0,,,,0.0,,,0.0,0.0,,0.0,0.0,,,,,,,,,0.0,,,
2020-02-05,0.0,,0.0,,,,,0.0,,0.0,0.0,0.0,,0.0,,,0.0,0.0,,,,,,,0.0,,,0.0,,0.0,,,492.0,,,0.0,,,0.0,,,0.0,0.0,,0.0,,,0.0,0.0,,,0.0,0.0,,,0.0,,,,,,,,,,,0.0,0.0,0.0,0.0,0.0,0.0,0.0,0.0,,0.0,,,,,,0.0,,,,0.0,,,,0.0,0.0,,,0.0,,,,,,0.0,,0.0,,,,,,,,0.0,0.0,,,0.0,0.0,0.0,0.0,,,,,1.0,,,0.0,0.0,0.0,,,,,0.0,,,,0.0,,,0.0,0.0,,0.0,0.0,,,,,,,,,0.0,,,
2020-02-06,0.0,,0.0,,,,,0.0,,0.0,0.0,0.0,,0.0,,,0.0,0.0,,,,,,,0.0,,,0.0,,0.0,,,564.0,,,0.0,,,0.0,,,0.0,0.0,,0.0,,,0.0,0.0,,,0.0,0.0,,,0.0,,,,,,,,,,,0.0,0.0,0.0,0.0,0.0,0.0,0.0,0.0,,0.0,,,,,,0.0,,,,0.0,,,,0.0,0.0,,,0.0,,,,,,0.0,,0.0,,,,,,,,0.0,0.0,,,0.0,0.0,0.0,0.0,,,,,1.0,,,0.0,0.0,0.0,,,,,0.0,,,,0.0,,,0.0,0.0,,0.0,0.0,,,,,,,,,0.0,,,
2020-02-07,0.0,,0.0,,,,,0.0,,0.0,0.0,0.0,,0.0,,,0.0,0.0,,,,,,,0.0,,,0.0,,0.0,,,637.0,,,0.0,,,0.0,,,0.0,0.0,,0.0,,,0.0,0.0,,,0.0,0.0,,,0.0,,,,,,,,,,,0.0,0.0,0.0,0.0,0.0,0.0,0.0,0.0,,0.0,,,,,,0.0,,,,0.0,,,,0.0,0.0,,,0.0,,,,,,0.0,,0.0,,,,,,,,0.0,0.0,,,0.0,0.0,0.0,0.0,,,,,1.0,,,0.0,0.0,0.0,,,,,0.0,,,,0.0,,,0.0,0.0,,0.0,0.0,,,,,,,,,0.0,,,
2020-02-08,0.0,,0.0,,,,,0.0,,0.0,0.0,0.0,,0.0,,,0.0,0.0,,,,,,,0.0,,,0.0,,0.0,,,723.0,,,0.0,,,0.0,,,0.0,0.0,,0.0,,,0.0,0.0,,,0.0,0.0,,,0.0,,,,,,,,,,,0.0,0.0,0.0,0.0,0.0,0.0,0.0,0.0,,0.0,,,,,,0.0,,,,0.0,,,,0.0,0.0,,,0.0,,,,,,0.0,,0.0,,,,,,,,0.0,0.0,,,0.0,0.0,0.0,0.0,,,,,1.0,,,0.0,0.0,0.0,,,,,0.0,,,,0.0,,,0.0,0.0,,0.0,0.0,,,,,,,,,0.0,,,
2020-02-09,0.0,,0.0,,,,,0.0,,0.0,0.0,0.0,,0.0,,,0.0,0.0,,,,,,,0.0,,,0.0,,0.0,,,812.0,,,0.0,,,0.0,,,0.0,0.0,,0.0,,,0.0,0.0,,,0.0,0.0,,,0.0,,,,,,,,,,,0.0,0.0,0.0,0.0,0.0,0.0,0.0,0.0,,0.0,,,,,,0.0,,,,0.0,,,,0.0,0.0,,,0.0,,,,,,0.0,,0.0,,,,,,,,0.0,0.0,,,0.0,0.0,0.0,0.0,,,,,1.0,,,0.0,0.0,0.0,,,,,0.0,,,,0.0,,,0.0,0.0,,0.0,0.0,,,,,,,,,0.0,,,
2020-02-10,0.0,,0.0,,,,,0.0,,0.0,0.0,0.0,,0.0,,,0.0,0.0,,,,,,,0.0,,,0.0,,0.0,,,909.0,,,0.0,,,0.0,,,0.0,0.0,,0.0,,,0.0,0.0,,,0.0,0.0,,,0.0,,,,,,,,,,,0.0,0.0,0.0,0.0,0.0,0.0,0.0,0.0,,0.0,,,,,,0.0,,,,0.0,,,,0.0,0.0,,,0.0,,,,,,0.0,,0.0,,,,,,,,0.0,0.0,,,0.0,0.0,0.0,0.0,,,,,1.0,,,0.0,0.0,0.0,,,,,0.0,,,,0.0,,,0.0,0.0,,0.0,0.0,,,,,,,,,0.0,,,
2020-02-11,0.0,,0.0,,,,,0.0,,0.0,0.0,0.0,,0.0,,,0.0,0.0,,,,,,,0.0,,,0.0,,0.0,,,1017.0,,,0.0,,,0.0,,,0.0,0.0,,0.0,,,0.0,0.0,,,0.0,0.0,,,0.0,,,,,,,,,,,0.0,0.0,0.0,0.0,0.0,0.0,0.0,0.0,,0.0,,,,,,0.0,,,,0.0,,,,0.0,0.0,,,0.0,,,,,,0.0,,0.0,,,,,,,,0.0,0.0,,,0.0,0.0,0.0,0.0,,,,,1.0,,,0.0,0.0,0.0,,,,,0.0,,,,0.0,,,0.0,0.0,,0.0,0.0,,,,,,,,,0.0,,,
2020-02-12,0.0,,0.0,,,,,0.0,,0.0,0.0,0.0,,0.0,,,0.0,0.0,,,,,,,0.0,,,0.0,,0.0,,,1114.0,,,0.0,,,0.0,,,0.0,0.0,,0.0,,,0.0,0.0,,,0.0,0.0,,,0.0,,,,,,,,,,,0.0,0.0,0.0,0.0,0.0,0.0,0.0,0.0,,0.0,,,,,,0.0,,,,0.0,,,,0.0,0.0,,,0.0,,,,,,0.0,,0.0,,,,,,,,0.0,0.0,,,0.0,0.0,0.0,0.0,,,,,1.0,,,0.0,0.0,0.0,,,,,0.0,,,,0.0,,,0.0,0.0,,0.0,0.0,,,,,,,,,0.0,,,
2020-02-13,0.0,,0.0,,,,,0.0,,0.0,0.0,0.0,,0.0,,,0.0,0.0,,,,,,,0.0,,,0.0,,0.0,,,1368.0,,,0.0,,,0.0,,,0.0,0.0,,0.0,,,0.0,0.0,,,0.0,0.0,,,0.0,,,,,,,,,,,0.0,0.0,0.0,0.0,0.0,0.0,0.0,0.0,,1.0,,,,,,0.0,,,,0.0,,,,0.0,0.0,,,0.0,,,,,,0.0,,0.0,,,,,,,,0.0,0.0,,,0.0,0.0,0.0,0.0,,,,,1.0,,,0.0,0.0,0.0,,,,,0.0,,,,0.0,,,0.0,0.0,,0.0,0.0,,,,,,,,,0.0,,,
2020-02-14,0.0,,0.0,,,,,0.0,,0.0,0.0,0.0,,0.0,,,0.0,0.0,,,,,,,0.0,,,0.0,,0.0,,,1381.0,,,0.0,,,0.0,,,0.0,0.0,,0.0,,,0.0,0.0,,,0.0,0.0,,,0.0,,,,,,,,,,,0.0,0.0,0.0,0.0,0.0,0.0,0.0,0.0,,1.0,,,,,,0.0,,,,0.0,,,,0.0,0.0,,,0.0,,,,,,0.0,,0.0,,,,,,,,0.0,0.0,,,0.0,0.0,0.0,0.0,,,,,1.0,,,0.0,0.0,0.0,,,,,0.0,,,,0.0,,,0.0,0.0,,0.0,0.0,,,,,,,,,0.0,,,
2020-02-15,0.0,,0.0,,,,,0.0,,0.0,0.0,0.0,,0.0,,,0.0,0.0,,,,,,,0.0,,,0.0,,0.0,,,1524.0,,,0.0,,,0.0,,,0.0,0.0,,0.0,,,0.0,1.0,,,0.0,0.0,,,0.0,,,,,,,,,,,0.0,0.0,0.0,0.0,0.0,0.0,0.0,0.0,,1.0,,,,,,0.0,,,,0.0,,,,0.0,0.0,,,0.0,,,,,,0.0,,0.0,,,,,,,,0.0,0.0,,,0.0,0.0,0.0,0.0,,,,,1.0,,,0.0,0.0,0.0,,,,,0.0,,,,0.0,,,0.0,0.0,,0.0,0.0,,,,,,,,,0.0,,,
2020-02-16,0.0,,0.0,,,,,0.0,,0.0,0.0,0.0,,0.0,,,0.0,0.0,,,,,,,0.0,,,0.0,,0.0,,,1666.0,,,0.0,,,0.0,,,0.0,0.0,,0.0,,,0.0,1.0,,,0.0,0.0,,,0.0,,,,,,,,,,,0.0,0.0,0.0,0.0,0.0,0.0,0.0,0.0,,1.0,,,,,,0.0,,,,0.0,,,,0.0,0.0,,,0.0,,,,,,0.0,,0.0,,,,,,,,0.0,0.0,,,0.0,0.0,0.0,0.0,,,,,1.0,,,0.0,0.0,0.0,,,,,0.0,,,,0.0,,,0.0,0.0,,0.0,0.0,,,,,,,,,0.0,,,
2020-02-17,0.0,,0.0,,,,,0.0,,0.0,0.0,0.0,,0.0,,,0.0,0.0,,,,,,,0.0,,,0.0,,0.0,,,1771.0,,,0.0,,,0.0,,,0.0,0.0,,0.0,,,0.0,1.0,,,0.0,0.0,,,0.0,,,,,,,,,,,0.0,0.0,0.0,0.0,0.0,0.0,0.0,0.0,,1.0,,,,,,0.0,,,,0.0,,,,0.0,0.0,,,0.0,,,,,,0.0,,0.0,,,,,,,,0.0,0.0,,,0.0,0.0,0.0,0.0,,,,,1.0,,,0.0,0.0,0.0,,,,,0.0,,,,0.0,,,0.0,0.0,,1.0,0.0,,,,,,,,,0.0,,,
2020-02-18,0.0,,0.0,,,,,0.0,,0.0,0.0,0.0,,0.0,,,0.0,0.0,,,,,,,0.0,,,0.0,,0.0,,,1869.0,,,0.0,,,0.0,,,0.0,0.0,,0.0,,,0.0,1.0,,,0.0,0.0,,,0.0,,,,,,,,,,,0.0,0.0,0.0,0.0,0.0,0.0,0.0,0.0,,1.0,,,,,,0.0,,,,0.0,,,,0.0,0.0,,,0.0,,,,,,0.0,,0.0,,,,,,,,0.0,0.0,,,0.0,0.0,0.0,0.0,,,,,1.0,,,0.0,0.0,0.0,,,,,0.0,,,,0.0,,,0.0,0.0,,1.0,0.0,,,,,,,,,0.0,,,
2020-02-19,0.0,,0.0,,,,,0.0,,0.0,0.0,0.0,,0.0,,,0.0,0.0,,,,,,,0.0,,,0.0,,0.0,,,2008.0,,,0.0,,,0.0,,,0.0,0.0,,0.0,,,0.0,1.0,,,0.0,0.0,,,0.0,,,,,,,,,,,0.0,0.0,0.0,0.0,0.0,0.0,0.0,0.0,,1.0,,,,,,0.0,,,,0.0,,,,0.0,0.0,,,0.0,,,,,,0.0,,0.0,,,,,,,,0.0,0.0,,,0.0,0.0,0.0,0.0,,,,,1.0,,,0.0,0.0,0.0,,,,,0.0,,,,0.0,,,0.0,0.0,,1.0,0.0,,,,,,,,,0.0,,,
2020-02-20,0.0,,0.0,,,,,0.0,,0.0,0.0,0.0,,0.0,,,0.0,0.0,,,,,,,0.0,,,0.0,,0.0,,,2120.0,,,0.0,,,0.0,,,0.0,0.0,,0.0,,,0.0,1.0,,,0.0,0.0,,,0.0,,,,,,,,,,,0.0,0.0,0.0,2.0,0.0,0.0,0.0,0.0,,1.0,,,,,,0.0,,,,0.0,,,,0.0,0.0,,,0.0,,,,,,0.0,,0.0,,,,,,,,0.0,0.0,,,0.0,0.0,0.0,0.0,,,,,1.0,,,0.0,0.0,0.0,,,,,0.0,,,,0.0,,,0.0,0.0,,1.0,0.0,,,,,,,,,0.0,,,
2020-02-21,0.0,,0.0,,,,,0.0,,0.0,0.0,0.0,,0.0,,,0.0,0.0,,,,,,,0.0,,,0.0,,0.0,,,2238.0,,,0.0,,,0.0,,,0.0,0.0,,0.0,,,0.0,1.0,,,0.0,0.0,,,0.0,,,,,,,,,,,0.0,0.0,0.0,2.0,0.0,0.0,0.0,0.0,,1.0,,,,,,0.0,,,,0.0,,,,0.0,0.0,,,0.0,,,,,,0.0,,0.0,,,,,,,,0.0,0.0,,,0.0,0.0,0.0,0.0,,,,,1.0,,,0.0,0.0,0.0,,,,,0.0,,,,0.0,,,0.0,0.0,,1.0,0.0,,,,,,,,,0.0,,,
2020-02-22,0.0,,0.0,,,,,0.0,,0.0,0.0,0.0,,0.0,,,0.0,0.0,,,,,,,0.0,,,0.0,,0.0,,,2347.0,,,0.0,,,0.0,,,0.0,0.0,,0.0,,,0.0,1.0,,,0.0,0.0,,,0.0,,,,,,,,,,,0.0,0.0,0.0,4.0,0.0,0.0,0.0,0.0,,1.0,,,,,,0.0,,,,0.0,,,,0.0,0.0,,,0.0,,,,,,0.0,,0.0,,,,,,,,0.0,0.0,,,0.0,0.0,0.0,0.0,,,,,1.0,,,0.0,0.0,0.0,,,,,0.0,,,,0.0,,,0.0,0.0,,1.0,0.0,,,,,,,,,0.0,,,
2020-02-23,0.0,,0.0,,,,,0.0,,0.0,0.0,0.0,,0.0,,,0.0,0.0,,,,,,,0.0,,,0.0,,0.0,,,2445.0,,,0.0,,,0.0,,,0.0,0.0,,0.0,,,0.0,1.0,,,0.0,0.0,,,0.0,,,,,,,,,,,0.0,0.0,0.0,5.0,0.0,0.0,0.0,2.0,,1.0,,,,,,0.0,,,,0.0,,,,0.0,0.0,,,0.0,,,,,,0.0,,0.0,,,,,,,,0.0,0.0,,,0.0,0.0,0.0,0.0,,,,,1.0,,,0.0,0.0,0.0,,,,,0.0,,,,0.0,,,0.0,0.0,,1.0,0.0,,,,,,,,,0.0,,,
2020-02-24,0.0,,0.0,,,,,0.0,,0.0,0.0,0.0,,0.0,,,0.0,0.0,,,,,,,0.0,,,0.0,,0.0,,,2595.0,,,0.0,,,0.0,,,0.0,0.0,,0.0,,,0.0,1.0,,,0.0,0.0,,,0.0,,,,,,,,,,,0.0,0.0,0.0,8.0,0.0,0.0,0.0,2.0,,1.0,,,,,,0.0,,,,0.0,,,,0.0,0.0,,,0.0,,,,,,0.0,,0.0,,,,,,,,0.0,0.0,,,0.0,0.0,0.0,0.0,,,,,1.0,,,0.0,0.0,0.0,,,,,0.0,,,,0.0,,,0.0,0.0,,1.0,0.0,,,,,,,,,0.0,,,
2020-02-25,0.0,,0.0,,,,,0.0,,0.0,0.0,0.0,,0.0,,,0.0,0.0,,,,,,,0.0,,,0.0,,0.0,,,2665.0,,,0.0,,,0.0,,,0.0,0.0,,0.0,,,0.0,1.0,,,0.0,0.0,,,0.0,,,,,,,,,,,0.0,0.0,0.0,12.0,0.0,0.0,0.0,6.0,,1.0,,,,,,0.0,,,,0.0,,,,0.0,0.0,,,0.0,,,,,,0.0,,0.0,,,,,,,,0.0,0.0,,,0.0,0.0,0.0,0.0,,,,,1.0,,,0.0,0.0,0.0,,,,,0.0,,,,0.0,,,0.0,0.0,,1.0,0.0,,,,,,,,,0.0,,,
2020-02-26,0.0,,0.0,,,,,0.0,,0.0,0.0,0.0,,0.0,,,0.0,0.0,,,,,,,0.0,,,0.0,,0.0,,,2717.0,,,0.0,,,0.0,,,0.0,0.0,,0.0,,,0.0,1.0,,,0.0,0.0,,,0.0,,,,,,,,,,,0.0,0.0,0.0,15.0,0.0,0.0,0.0,11.0,,1.0,,,,,,0.0,,,,0.0,,,,0.0,0.0,,,0.0,,,,,,0.0,,0.0,,,,,,,,0.0,0.0,,,0.0,0.0,0.0,0.0,,,,,1.0,,,0.0,0.0,0.0,,,,,0.0,,,,0.0,,,0.0,0.0,,1.0,0.0,,,,,,,,,0.0,,,
2020-02-27,0.0,,0.0,,,,,0.0,,0.0,0.0,0.0,,0.0,,,0.0,0.0,,,,,,,0.0,,,0.0,,0.0,,,2746.0,,,0.0,,,0.0,,,0.0,0.0,,0.0,,,0.0,2.0,,,0.0,0.0,,,0.0,,,,,,,,,,,0.0,0.0,0.0,19.0,0.0,0.0,0.0,12.0,,3.0,,,,,,0.0,,,,0.0,,,,0.0,0.0,,,0.0,,,,,,0.0,,0.0,,,,,,,,0.0,0.0,,,0.0,0.0,0.0,0.0,,,,,1.0,,,0.0,0.0,0.0,,,,,0.0,,,,0.0,,,0.0,0.0,,1.0,0.0,,,,,,,,,0.0,,,
2020-02-28,0.0,,0.0,,,,,0.0,,0.0,0.0,0.0,,0.0,,,0.0,0.0,,,,,,,0.0,,,0.0,,0.0,,,2790.0,,,0.0,,,0.0,,,0.0,0.0,,0.0,,,0.0,2.0,,,0.0,0.0,,,0.0,,,,,,,,,,,0.0,0.0,0.0,26.0,0.0,0.0,0.0,17.0,,3.0,,,,,,0.0,,,,0.0,,,,0.0,0.0,,,0.0,,,,,,0.0,,0.0,,,,,,,,0.0,0.0,,,0.0,0.0,0.0,0.0,,,,,1.0,,,0.0,0.0,0.0,,,,,0.0,,,,0.0,,,0.0,0.0,,1.0,0.0,,,,,,,,,0.0,,,
2020-02-29,0.0,,0.0,,,,,0.0,,0.0,0.0,0.0,,0.0,,,0.0,0.0,,,,,,,0.0,,,0.0,,0.0,,,2837.0,,,0.0,,,0.0,,,0.0,0.0,,0.0,,,0.0,2.0,,,0.0,0.0,,,0.0,,,,,,,,,,,0.0,0.0,0.0,34.0,0.0,0.0,0.0,21.0,,3.0,,,,,,0.0,,,,0.0,,,,0.0,0.0,,,0.0,,,,,,0.0,,0.0,,,,,,,,0.0,0.0,,,0.0,0.0,0.0,0.0,,,,,1.0,,,0.0,0.0,0.0,,,,,0.0,,,,0.0,,,0.0,0.0,,1.0,0.0,,,,,,,,,0.0,,,
2020-03-01,0.0,,0.0,,,,,0.0,,1.0,0.0,0.0,,0.0,,,0.0,0.0,,,,,,,0.0,,,0.0,,0.0,,,2872.0,,,0.0,,,0.0,,,0.0,0.0,,0.0,,,0.0,2.0,,,0.0,0.0,,,0.0,,,,,,,,,,,0.0,0.0,0.0,43.0,0.0,0.0,0.0,29.0,,5.0,,,,,,0.0,,,,0.0,,,,0.0,0.0,,,0.0,,,,,,0.0,,0.0,,,,,,,,0.0,0.0,,,0.0,0.0,0.0,0.0,,,,,1.0,,,0.0,0.0,0.0,,,,,0.0,,,,0.0,,,0.0,0.0,,1.0,1.0,,,,,,,,,0.0,,,
2020-03-02,0.0,,0.0,,,,,0.0,,1.0,0.0,0.0,,0.0,,,0.0,0.0,,,,,,,0.0,,,0.0,,0.0,,,2914.0,,,0.0,,,0.0,,,0.0,0.0,,0.0,,,0.0,2.0,,,0.0,0.0,,,0.0,,,,,,,,,,,0.0,0.0,0.0,54.0,0.0,0.0,0.0,35.0,,6.0,,,,,,0.0,,,,0.0,,,,0.0,0.0,,,0.0,,,,,,0.0,,0.0,,,,,,,,0.0,0.0,,,0.0,0.0,0.0,0.0,,,,,1.0,,,0.0,0.0,0.0,,,,,0.0,,,,0.0,,,0.0,0.0,,1.0,1.0,,,,,,,,,0.0,,,
2020-03-03,,,,0.0,,,,,,1.0,0.0,,,,,,,0.0,,,,,,,,,,,,0.0,,,2946.0,,,0.0,,,0.0,,,0.0,,,,,,,3.0,,,,0.0,,,,,,,,,,,,,,0.0,0.0,,66.0,0.0,,,52.0,,6.0,,0.0,,,,0.0,,,0.0,0.0,,,,,,,,,,,,,,,,,,,,0.0,,,,,0.0,,,,0.0,0.0,,,,,,,,0.0,,,0.0,,0.0,,,0.0,,,,0.0,,,0.0,0.0,,1.0,,,0.0,,,,,,,,,,
2020-03-04,,,0.0,,,,0.0,,,1.0,0.0,,,0.0,,,0.0,0.0,,,,,,,,,,,,0.0,,0.0,2983.0,,,0.0,,,0.0,,,,,,0.0,,,0.0,4.0,,,,0.0,,,,,,,,,,,,,,0.0,0.0,,77.0,0.0,0.0,,80.0,,6.0,,,,,,,,,,,,,,,,,,0.0,,,,,,,,,,,,,,,,,0.0,,,,0.0,,0.0,,,,,,0.0,0.0,0.0,0.0,0.0,,,,,0.0,,,,0.0,,,0.0,0.0,,1.0,,,,,,0.0,,,,,,,
2020-03-05,,,0.0,,,,,,,2.0,0.0,,,0.0,,,0.0,0.0,,,,,,,0.0,,,,,0.0,,0.0,3014.0,,,,,,0.0,,,0.0,,,,,,,4.0,,,0.0,0.0,,,0.0,,,,,,,,,,0.0,0.0,0.0,,92.0,0.0,0.0,0.0,107.0,,6.0,,,,,,,,,,,,,0.0,,,,,0.0,,,,,,,,,,,,,,,,,0.0,,,,0.0,0.0,,,,,,,,0.0,,,,,0.0,,,0.0,,0.0,,1.0,,,0.0,0.0,,,1.0,,,,,,,,,,,,
2020-03-06,,,0.0,,,,0.0,,,2.0,0.0,0.0,,0.0,,,,0.0,,,,0.0,,,0.0,,,,,0.0,,0.0,3044.0,,,0.0,,,0.0,,,0.0,0.0,,0.0,,,0.0,7.0,,,0.0,0.0,,,0.0,,,,,,,,,,,0.0,0.0,,107.0,2.0,0.0,0.0,148.0,,6.0,,,,,,0.0,,,,0.0,,,,,,,,0.0,,,,,,,,,,,,0.0,,,,,0.0,,,,0.0,0.0,,0.0,,,,,,0.0,,0.0,,,0.0,,,0.0,,0.0,,3.0,,,0.0,1.0,,1.0,,,,,,,,,,,,,
2020-03-07,,,,,,,0.0,,,2.0,0.0,0.0,,0.0,,,,0.0,,,,,,,0.0,,,,0.0,0.0,,0.0,3072.0,0.0,,0.0,,,0.0,,,,0.0,,0.0,,,0.0,9.0,,,,0.0,,,0.0,,,,,,,,,,0.0,0.0,0.0,0.0,124.0,,0.0,0.0,197.0,,6.0,,,,,,,,,,0.0,,,,,0.0,,,0.0,,,,,,,,,,,,,,,,,1.0,,,,0.0,,0.0,0.0,,,0.0,1.0,0.0,0.0,0.0,0.0,0.0,,,0.0,,0.0,0.0,0.0,,5.0,,,0.0,1.0,,1.0,1.0,0.0,,,,,,,,0.0,,,
2020-03-08,0.0,,,,,,1.0,,,3.0,0.0,,,0.0,,,,0.0,,,,,,,0.0,0.0,,0.0,,0.0,,,3099.0,,,0.0,,,0.0,,,,,,,,,,10.0,,,0.0,0.0,,,0.0,,,,,,,,,,0.0,0.0,0.0,,145.0,2.0,0.0,0.0,233.0,,6.0,,0.0,,,,0.0,,,0.0,,,,,,,,,0.0,0.0,,0.0,,,,0.0,,,,,,,,,,1.0,,,,0.0,,,0.0,,0.0,,1.0,0.0,0.0,0.0,0.0,,,,,,0.0,0.0,0.0,,5.0,,,0.0,1.0,,1.0,,,,,,,,,,0.0,,,
2020-03-09,,0.0,0.0,,,,1.0,,,3.0,0.0,,,0.0,0.0,,,0.0,,,,,,,0.0,0.0,,,0.0,0.0,,0.0,3122.0,,,,,,0.0,,,0.0,1.0,,,,,0.0,19.0,,,0.0,0.0,,,0.0,,,,,,,,,,0.0,0.0,,0.0,194.0,6.0,0.0,0.0,366.0,,7.0,,,,,,0.0,,,0.0,0.0,,,,,0.0,,,0.0,0.0,,,,,0.0,,,,,,,,,,,3.0,,,,0.0,,,,,,0.0,1.0,0.0,0.0,0.0,0.0,,,,,,0.0,0.0,0.0,,5.0,,,0.0,2.0,,1.0,,,,,,,,,,0.0,,,
2020-03-10,,0.0,,,,,,,,3.0,0.0,,,0.0,,,,0.0,,,,,,,,,,,,1.0,,0.0,3139.0,0.0,,,,0.0,0.0,,,0.0,1.0,,,,,0.0,30.0,,,0.0,2.0,,,0.0,,,,,,,,,,0.0,0.0,0.0,,237.0,,,,464.0,,9.0,,,,,,0.0,,,0.0,0.0,,,,,,,,0.0,,,0.0,,,,,,0.0,,,,,,,,3.0,,,0.0,0.0,0.0,0.0,0.0,0.0,,0.0,1.0,0.0,0.0,0.0,0.0,0.0,,,,,0.0,,,,28.0,,,0.0,2.0,,,,,0.0,,,,,,,0.0,,,
2020-03-11,0.0,0.0,,,,,1.0,,,3.0,0.0,0.0,,0.0,,,0.0,0.0,,,,,,,0.0,,,,,1.0,,0.0,3161.0,,,0.0,,,0.0,,,0.0,1.0,,0.0,,,,33.0,,,0.0,2.0,,,0.0,,,,,,,,,,0.0,0.0,0.0,0.0,291.0,6.0,0.0,0.0,631.0,,12.0,,,,,,0.0,,,0.0,1.0,,,,0.0,0.0,,,0.0,0.0,,,,,,0.0,,,,,,,,,,4.0,,,,0.0,0.0,0.0,0.0,1.0,0.0,0.0,1.0,0.0,0.0,0.0,0.0,,,,0.0,,0.0,0.0,0.0,,35.0,,,0.0,3.0,,1.0,1.0,,0.0,,,,,,,0.0,,,
2020-03-12,,1.0,0.0,,,,,0.0,,3.0,0.0,0.0,,0.0,,,0.0,3.0,,,,,0.0,,0.0,1.0,,0.0,,1.0,,0.0,3172.0,0.0,,0.0,0.0,0.0,0.0,,,,1.0,,0.0,,,0.0,48.0,,,0.0,3.0,,,1.0,,,,,,,,,0.0,0.0,0.0,0.0,1.0,354.0,8.0,1.0,0.0,827.0,0.0,15.0,,,,,,0.0,,,0.0,2.0,,,0.0,0.0,0.0,,,0.0,0.0,,0.0,,,0.0,0.0,,,,,1.0,,,,,5.0,,,,0.0,,0.0,0.0,1.0,,0.0,2.0,0.0,0.0,0.0,0.0,0.0,,,0.0,,0.0,0.0,0.0,,47.0,,,1.0,4.0,,1.0,1.0,,0.0,0.0,,,,,,0.0,,,
2020-03-13,,1.0,1.0,,,,1.0,0.0,0.0,3.0,1.0,0.0,,0.0,,,0.0,3.0,,,,0.0,0.0,,0.0,1.0,,0.0,,1.0,,0.0,3179.0,,,0.0,,,0.0,,,,2.0,,0.0,,,0.0,61.0,0.0,,0.0,5.0,0.0,,1.0,,,,,,,1.0,,,0.0,0.0,1.0,,429.0,8.0,1.0,0.0,1016.0,0.0,19.0,,,,,,0.0,,,0.0,2.0,,,0.0,,0.0,,,0.0,,,0.0,,,0.0,0.0,,,,,1.0,,,,,5.0,,,,1.0,,0.0,,1.0,0.0,0.0,2.0,1.0,0.0,,0.0,0.0,,0.0,0.0,,0.0,0.0,0.0,,84.0,,,1.0,4.0,,1.0,,,0.0,0.0,,0.0,,,,0.0,,,
2020-03-14,,1.0,2.0,0.0,,,2.0,0.0,,3.0,1.0,,,0.0,,,,3.0,,,,,0.0,,0.0,1.0,,,,1.0,,0.0,3194.0,0.0,,0.0,0.0,0.0,0.0,,,1.0,2.0,,0.0,0.0,,0.0,79.0,,,0.0,5.0,,,1.0,,,,,,0.0,,,0.0,0.0,0.0,2.0,4.0,514.0,9.0,1.0,0.0,1268.0,0.0,21.0,,,,0.0,,0.0,,,0.0,,,,0.0,0.0,1.0,,,0.0,0.0,,0.0,,,0.0,0.0,,,,,1.0,,,,,5.0,,,,1.0,0.0,0.0,0.0,1.0,0.0,0.0,6.0,2.0,0.0,0.0,0.0,0.0,,0.0,0.0,,0.0,0.0,0.0,,121.0,0.0,,1.0,7.0,,1.0,1.0,,0.0,,,,,,,0.0,,,
2020-03-15,0.0,1.0,2.0,,,,2.0,0.0,,3.0,1.0,0.0,,0.0,0.0,,,4.0,,,,0.0,0.0,,0.0,2.0,,0.0,0.0,1.0,,0.0,3203.0,0.0,,0.0,0.0,0.0,0.0,,,2.0,2.0,,0.0,0.0,,0.0,91.0,0.0,,0.0,8.0,0.0,,3.0,,,,0.0,,0.0,,,,0.0,0.0,2.0,4.0,611.0,9.0,2.0,0.0,1441.0,,22.0,,0.0,0.0,0.0,,0.0,,,0.0,3.0,,,0.0,0.0,,,,0.0,0.0,,0.0,0.0,,0.0,0.0,0.0,0.0,,,1.0,,,0.0,0.0,12.0,,,0.0,1.0,0.0,0.0,0.0,1.0,,0.0,6.0,3.0,0.0,0.0,0.0,0.0,0.0,0.0,0.0,0.0,0.0,0.0,0.0,,136.0,1.0,0.0,1.0,11.0,,1.0,1.0,0.0,0.0,,,,0.0,,0.0,0.0,,,
2020-03-16,0.0,1.0,4.0,0.0,,,2.0,0.0,,5.0,1.0,0.0,0.0,0.0,,,0.0,4.0,,,,,,,0.0,2.0,,0.0,0.0,1.0,,0.0,3216.0,0.0,0.0,0.0,,0.0,1.0,,,2.0,2.0,,0.0,0.0,,0.0,127.0,0.0,,0.0,12.0,0.0,,4.0,,,,1.0,,,1.0,,0.0,1.0,0.0,2.0,5.0,724.0,9.0,2.0,0.0,1811.0,0.0,24.0,,0.0,0.0,0.0,0.0,0.0,,,0.0,3.0,,,0.0,0.0,1.0,,,0.0,0.0,,0.0,0.0,,0.0,0.0,0.0,,,,1.0,,,0.0,,20.0,,,0.0,1.0,0.0,0.0,0.0,1.0,0.0,0.0,12.0,3.0,0.0,0.0,0.0,0.0,0.0,0.0,0.0,0.0,0.0,0.0,0.0,,288.0,1.0,,3.0,13.0,,1.0,1.0,0.0,0.0,0.0,,0.0,0.0,0.0,0.0,0.0,,,
2020-03-17,0.0,1.0,4.0,0.0,,,2.0,0.0,,5.0,3.0,0.0,0.0,1.0,0.0,,0.0,5.0,,0.0,,0.0,0.0,,0.0,2.0,,0.0,0.0,4.0,,0.0,3225.0,0.0,0.0,0.0,,0.0,1.0,,,2.0,2.0,,0.0,0.0,,0.0,148.0,0.0,,0.0,13.0,0.0,,4.0,,,,1.0,,0.0,1.0,,0.0,1.0,0.0,3.0,5.0,853.0,9.0,2.0,0.0,2158.0,0.0,28.0,,0.0,0.0,0.0,0.0,0.0,,,0.0,3.0,0.0,,0.0,0.0,1.0,,,0.0,0.0,,0.0,0.0,,0.0,0.0,0.0,,,,1.0,,0.0,0.0,0.0,24.0,,,0.0,3.0,0.0,0.0,0.0,1.0,0.0,0.0,12.0,4.0,0.0,0.0,0.0,0.0,0.0,0.0,0.0,0.0,0.0,0.0,0.0,0.0,309.0,1.0,,7.0,14.0,,1.0,1.0,0.0,0.0,0.0,,0.0,0.0,0.0,0.0,0.0,,,
2020-03-18,0.0,1.0,5.0,0.0,,,2.0,0.0,,5.0,3.0,0.0,,1.0,0.0,0.0,0.0,5.0,,0.0,,0.0,0.0,,1.0,2.0,,0.0,0.0,8.0,,0.0,3241.0,0.0,0.0,0.0,0.0,0.0,4.0,,,2.0,4.0,,0.0,0.0,,0.0,175.0,0.0,0.0,0.0,13.0,0.0,,5.0,,,,1.0,,0.0,1.0,,0.0,1.0,0.0,3.0,5.0,988.0,11.0,2.0,0.0,2505.0,0.0,28.0,,0.0,0.0,0.0,0.0,0.0,,,0.0,3.0,0.0,,0.0,0.0,1.0,,,2.0,0.0,,0.0,0.0,,0.0,0.0,0.0,0.0,0.0,,2.0,,,0.0,0.0,43.0,,,0.0,3.0,0.0,0.0,0.0,1.0,0.0,0.0,14.0,5.0,1.0,0.0,0.0,0.0,0.0,0.0,0.0,0.0,0.0,0.0,1.0,0.0,491.0,1.0,,8.0,19.0,,1.0,1.0,0.0,0.0,0.0,,0.0,0.0,0.0,0.0,0.0,,,
2020-03-19,0.0,2.0,6.0,0.0,,,2.0,0.0,,6.0,4.0,0.0,,1.0,0.0,0.0,0.0,14.0,,0.0,,0.0,0.0,,4.0,2.0,,0.0,0.0,9.0,,0.0,3249.0,0.0,0.0,0.0,1.0,0.0,4.0,0.0,,3.0,6.0,,0.0,0.0,,0.0,244.0,0.0,0.0,0.0,13.0,0.0,,5.0,,,0.0,1.0,,0.0,1.0,,0.0,1.0,0.0,3.0,5.0,1135.0,12.0,2.0,0.0,2978.0,0.0,29.0,,0.0,0.0,0.0,0.0,0.0,0.0,,0.0,4.0,0.0,,0.0,0.0,2.0,,,2.0,0.0,,0.0,0.0,,0.0,1.0,0.0,0.0,0.0,,2.0,,,0.0,0.0,58.0,0.0,,0.0,3.0,0.0,0.0,0.0,1.0,0.0,0.0,17.0,5.0,2.0,0.0,0.0,0.0,0.0,0.0,0.0,0.0,0.0,0.0,1.0,0.0,598.0,1.0,,10.0,21.0,,1.0,1.0,0.0,0.0,1.0,,2.0,0.0,0.0,0.0,0.0,,0.0,
2020-03-20,0.0,2.0,7.0,0.0,,,3.0,0.0,0.0,6.0,6.0,0.0,0.0,1.0,0.0,0.0,0.0,21.0,,0.0,0.0,0.0,0.0,,6.0,3.0,,0.0,0.0,10.0,0.0,0.0,3253.0,0.0,0.0,0.0,1.0,0.0,6.0,0.0,,3.0,6.0,,0.0,0.0,0.0,0.0,372.0,0.0,0.0,0.0,43.0,0.0,0.0,5.0,0.0,,0.0,1.0,0.0,0.0,1.0,0.0,0.0,1.0,1.0,4.0,19.0,1284.0,12.0,3.0,0.0,3407.0,0.0,33.0,0.0,0.0,0.0,0.0,0.0,0.0,0.0,,0.0,4.0,0.0,,0.0,0.0,4.0,,,2.0,0.0,,0.0,0.0,0.0,0.0,1.0,0.0,0.0,0.0,,2.0,,,0.0,0.0,76.0,0.0,,0.0,6.0,0.0,2.0,0.0,1.0,0.0,2.0,18.0,5.0,3.0,0.0,0.0,0.0,0.0,0.0,0.0,0.0,0.0,0.0,1.0,0.0,767.0,1.0,,10.0,33.0,,1.0,1.0,0.0,0.0,4.0,,2.0,0.0,0.0,0.0,0.0,,0.0,
2020-03-21,0.0,2.0,10.0,0.0,,,3.0,0.0,,7.0,6.0,1.0,0.0,1.0,0.0,0.0,0.0,37.0,,0.0,0.0,0.0,0.0,,11.0,3.0,,0.0,0.0,12.0,0.0,0.0,3259.0,0.0,0.0,0.0,1.0,0.0,9.0,0.0,,7.0,7.0,,0.0,0.0,0.0,0.0,450.0,1.0,0.0,0.0,45.0,0.0,0.0,8.0,0.0,,0.0,1.0,0.0,0.0,1.0,0.0,0.0,4.0,1.0,4.0,25.0,1433.0,14.0,3.0,1.0,4032.0,0.0,35.0,0.0,0.0,0.0,0.0,0.0,0.0,0.0,,0.0,4.0,0.0,,0.0,1.0,5.0,0.0,,2.0,0.0,,0.0,0.0,0.0,2.0,1.0,0.0,0.0,0.0,0.0,3.0,,,0.0,0.0,106.0,0.0,0.0,0.0,7.0,0.0,3.0,0.0,1.0,1.0,3.0,18.0,5.0,6.0,0.0,0.0,0.0,0.0,0.0,1.0,0.0,0.0,0.0,1.0,0.0,1002.0,1.0,0.0,16.0,43.0,,2.0,1.0,0.0,1.0,9.0,,3.0,0.0,0.0,0.0,0.0,,0.0,0.0
2020-03-22,0.0,2.0,15.0,0.0,0.0,,4.0,0.0,,7.0,8.0,1.0,0.0,1.0,2.0,0.0,0.0,67.0,,0.0,0.0,0.0,0.0,,18.0,3.0,,0.0,0.0,18.0,0.0,0.0,3265.0,1.0,0.0,0.0,1.0,0.0,13.0,0.0,,7.0,8.0,0.0,0.0,0.0,0.0,1.0,562.0,1.0,0.0,0.0,67.0,1.0,0.0,13.0,0.0,,1.0,1.0,0.0,0.0,1.0,0.0,0.0,4.0,1.0,4.0,38.0,1556.0,17.0,3.0,1.0,4827.0,0.0,36.0,0.0,0.0,0.0,0.0,0.0,0.0,0.0,,0.0,4.0,0.0,,0.0,1.0,8.0,0.0,,4.0,0.0,,0.0,0.0,1.0,2.0,1.0,0.0,0.0,0.0,0.0,3.0,,,0.0,0.0,136.0,0.0,0.0,0.0,7.0,0.0,3.0,0.0,3.0,1.0,5.0,25.0,5.0,12.0,0.0,0.0,0.0,0.0,0.0,1.0,0.0,2.0,0.0,1.0,0.0,1326.0,1.0,0.0,20.0,56.0,,2.0,1.0,0.0,1.0,21.0,0.0,3.0,0.0,0.0,0.0,0.0,,0.0,0.0
2020-03-23,0.0,2.0,17.0,0.0,0.0,,4.0,0.0,,7.0,16.0,1.0,0.0,2.0,3.0,0.0,0.0,75.0,,0.0,0.0,0.0,0.0,,25.0,3.0,,0.0,0.0,20.0,0.0,1.0,3274.0,2.0,0.0,0.0,1.0,0.0,13.0,0.0,0.0,14.0,10.0,0.0,0.0,0.0,0.0,1.0,674.0,1.0,0.0,0.0,94.0,1.0,0.0,15.0,0.0,0.0,1.0,1.0,0.0,0.0,1.0,0.0,0.0,7.0,1.0,7.0,48.0,1685.0,20.0,4.0,1.0,5476.0,0.0,41.0,0.0,0.0,0.0,0.0,1.0,0.0,0.0,,0.0,4.0,0.0,,0.0,1.0,8.0,0.0,,10.0,0.0,,0.0,0.0,2.0,2.0,1.0,0.0,0.0,0.0,0.0,4.0,0.0,,0.0,0.0,179.0,0.0,0.0,0.0,7.0,0.0,5.0,0.0,3.0,1.0,5.0,25.0,7.0,14.0,0.0,2.0,0.0,0.0,0.0,1.0,0.0,2.0,0.0,1.0,0.0,1720.0,1.0,0.0,21.0,60.0,0.0,2.0,1.0,0.0,3.0,30.0,0.0,3.0,0.0,0.0,0.0,0.0,,0.0,0.0
2020-03-24,1.0,4.0,17.0,0.0,0.0,,4.0,0.0,0.0,7.0,25.0,1.0,0.0,2.0,3.0,0.0,0.0,88.0,0.0,0.0,0.0,0.0,0.0,,34.0,3.0,,0.0,0.0,24.0,0.0,2.0,3281.0,3.0,0.0,0.0,1.0,0.0,24.0,0.0,0.0,18.0,14.0,0.0,0.0,0.0,0.0,1.0,860.0,1.0,1.0,0.0,126.0,2.0,0.0,17.0,0.0,0.0,1.0,1.0,0.0,0.0,1.0,0.0,0.0,8.0,2.0,9.0,49.0,1812.0,23.0,6.0,1.0,6077.0,0.0,42.0,0.0,0.0,0.0,0.0,1.0,0.0,0.0,,0.0,4.0,0.0,,0.0,1.0,8.0,0.0,,14.0,0.0,,0.0,0.0,2.0,4.0,1.0,0.0,0.0,0.0,0.0,4.0,0.0,0.0,0.0,0.0,213.0,0.0,0.0,1.0,8.0,0.0,6.0,0.0,6.0,1.0,5.0,33.0,8.0,23.0,0.0,7.0,0.0,0.0,0.0,1.0,0.0,2.0,0.0,1.0,0.0,2182.0,1.0,0.0,25.0,66.0,0.0,2.0,4.0,0.0,3.0,37.0,0.0,3.0,0.0,0.0,0.0,0.0,,0.0,1.0
2020-03-25,1.0,5.0,19.0,0.0,0.0,,6.0,0.0,0.0,8.0,30.0,1.0,0.0,3.0,4.0,0.0,0.0,122.0,0.0,0.0,0.0,0.0,0.0,,46.0,3.0,,0.0,1.0,27.0,0.0,2.0,3285.0,3.0,0.0,1.0,1.0,3.0,32.0,0.0,0.0,27.0,19.0,0.0,0.0,0.0,0.0,1.0,1100.0,1.0,1.0,0.0,149.0,2.0,0.0,20.0,0.0,0.0,1.0,1.0,0.0,0.0,1.0,0.0,0.0,10.0,2.0,9.0,55.0,1934.0,27.0,7.0,3.0,6820.0,1.0,43.0,0.0,0.0,0.0,0.0,1.0,0.0,0.0,0.0,0.0,4.0,0.0,0.0,0.0,2.0,8.0,0.0,,15.0,0.0,,0.0,0.0,2.0,5.0,1.0,0.0,0.0,0.0,0.0,5.0,0.0,0.0,0.0,0.0,276.0,0.0,1.0,1.0,10.0,0.0,7.0,0.0,6.0,3.0,7.0,35.0,10.0,33.0,0.0,11.0,0.0,0.0,0.0,1.0,0.0,2.0,0.0,3.0,0.0,2696.0,1.0,0.0,36.0,86.0,0.0,2.0,4.0,0.0,3.0,44.0,0.0,3.0,0.0,0.0,0.0,0.0,,0.0,1.0
2020-03-26,1.0,5.0,21.0,0.0,0.0,,8.0,0.0,0.0,11.0,34.0,2.0,0.0,3.0,5.0,0.0,0.0,178.0,0.0,0.0,0.0,0.0,0.0,,57.0,3.0,,0.0,1.0,35.0,0.0,3.0,3291.0,4.0,0.0,1.0,1.0,3.0,34.0,0.0,0.0,29.0,21.0,0.0,1.0,0.0,0.0,3.0,1331.0,1.0,1.0,0.0,198.0,3.0,0.0,22.0,0.0,0.0,1.0,1.0,0.0,0.0,1.0,0.0,0.0,10.0,2.0,13.0,58.0,2077.0,29.0,9.0,5.0,7505.0,1.0,45.0,0.0,0.0,0.0,0.0,1.0,0.0,0.0,0.0,0.0,4.0,0.0,0.0,0.0,4.0,8.0,0.0,,19.0,0.0,0.0,0.0,0.0,2.0,5.0,1.0,0.0,0.0,0.0,0.0,6.0,0.0,0.0,0.0,0.0,356.0,0.0,1.0,1.0,12.0,0.0,8.0,0.0,6.0,3.0,8.0,38.0,14.0,43.0,0.0,13.0,0.0,0.0,0.0,2.0,0.0,2.0,0.0,4.0,0.0,3434.0,1.0,0.0,42.0,103.0,0.0,2.0,4.0,0.0,5.0,59.0,0.0,4.0,0.0,0.0,0.0,0.0,,0.0,1.0
2020-03-27,1.0,6.0,25.0,3.0,0.0,0.0,12.0,1.0,0.0,13.0,52.0,3.0,0.0,4.0,5.0,0.0,0.0,220.0,0.0,0.0,0.0,0.0,0.0,,77.0,3.0,,0.0,1.0,39.0,0.0,4.0,3296.0,6.0,0.0,2.0,2.0,3.0,41.0,0.0,0.0,34.0,21.0,0.0,1.0,0.0,0.0,4.0,1696.0,1.0,1.0,0.0,253.0,3.0,0.0,26.0,0.0,0.0,1.0,1.0,0.0,0.0,1.0,0.0,1.0,10.0,2.0,17.0,78.0,2234.0,36.0,19.0,8.0,8165.0,1.0,46.0,1.0,0.0,0.0,1.0,1.0,0.0,0.0,0.0,0.0,6.0,0.0,0.0,0.0,4.0,9.0,0.0,,23.0,0.0,0.0,0.0,0.0,2.0,8.0,1.0,0.0,0.0,1.0,0.0,10.0,0.0,0.0,0.0,0.0,434.0,0.0,1.0,1.0,14.0,0.0,9.0,1.0,9.0,3.0,9.0,45.0,16.0,60.0,0.0,17.0,2.0,0.0,0.0,3.0,0.0,2.0,0.0,5.0,0.0,4089.0,1.0,0.0,66.0,161.0,0.0,2.0,5.0,0.0,5.0,75.0,0.0,5.0,0.0,0.0,1.0,0.0,,0.0,1.0
2020-03-28,2.0,9.0,26.0,3.0,0.0,0.0,17.0,1.0,0.0,13.0,68.0,3.0,0.0,4.0,5.0,0.0,0.0,289.0,0.0,0.0,0.0,0.0,0.0,,92.0,3.0,,0.0,1.0,53.0,0.0,5.0,3299.0,6.0,0.0,3.0,2.0,5.0,52.0,0.0,0.0,41.0,24.0,0.0,1.0,0.0,0.0,7.0,1995.0,1.0,1.0,0.0,325.0,3.0,0.0,28.0,0.0,0.0,1.0,1.0,0.0,0.0,1.0,0.0,1.0,11.0,2.0,19.0,87.0,2378.0,40.0,22.0,10.0,9136.0,1.0,49.0,1.0,0.0,0.0,1.0,1.0,0.0,0.0,0.0,0.0,7.0,0.0,0.0,0.0,5.0,15.0,0.0,,26.0,0.0,0.0,0.0,0.0,2.0,12.0,2.0,0.0,0.0,1.0,0.0,23.0,0.0,0.0,0.0,0.0,546.0,1.0,1.0,1.0,16.0,0.0,9.0,1.0,14.0,3.0,11.0,54.0,16.0,76.0,0.0,24.0,4.0,0.0,0.0,6.0,0.0,2.0,0.0,9.0,0.0,4858.0,1.0,0.0,92.0,197.0,0.0,2.0,5.0,1.0,6.0,92.0,0.0,5.0,0.0,0.0,1.0,0.0,,0.0,1.0
2020-03-29,3.0,10.0,29.0,4.0,0.0,0.0,19.0,3.0,0.0,14.0,68.0,4.0,0.0,4.0,5.0,0.0,0.0,353.0,0.0,0.0,0.0,0.0,0.0,,114.0,7.0,,0.0,2.0,60.0,0.0,6.0,3304.0,6.0,0.0,5.0,3.0,5.0,65.0,0.0,0.0,48.0,30.0,0.0,1.0,0.0,0.0,9.0,2314.0,1.0,1.0,0.0,389.0,5.0,0.0,32.0,0.0,0.0,1.0,1.0,0.0,0.0,1.0,0.0,2.0,13.0,2.0,25.0,102.0,2517.0,42.0,36.0,12.0,10023.0,1.0,52.0,1.0,1.0,0.0,1.0,1.0,0.0,0.0,0.0,0.0,8.0,0.0,0.0,0.0,7.0,18.0,0.0,,27.0,0.0,0.0,0.0,0.0,2.0,16.0,2.0,0.0,0.0,1.0,0.0,23.0,0.0,0.0,0.0,0.0,639.0,1.0,1.0,1.0,20.0,0.0,11.0,1.0,17.0,3.0,16.0,68.0,18.0,100.0,1.0,29.0,5.0,0.0,0.0,10.0,0.0,3.0,0.0,9.0,0.0,5690.0,1.0,0.0,102.0,235.0,0.0,2.0,6.0,1.0,6.0,108.0,0.0,8.0,0.0,1.0,1.0,0.0,,0.0,1.0
2020-03-30,4.0,10.0,31.0,6.0,2.0,0.0,20.0,3.0,0.0,16.0,86.0,4.0,0.0,4.0,5.0,0.0,0.0,431.0,0.0,0.0,0.0,0.0,3.0,,136.0,8.0,,0.0,2.0,61.0,0.0,7.0,3306.0,10.0,0.0,6.0,3.0,6.0,72.0,0.0,0.0,58.0,36.0,0.0,3.0,0.0,0.0,11.0,2606.0,1.0,1.0,0.0,455.0,5.0,0.0,38.0,0.0,0.0,1.0,1.0,0.0,0.0,1.0,0.0,3.0,15.0,2.0,29.0,114.0,2640.0,42.0,46.0,15.0,10781.0,1.0,54.0,2.0,1.0,1.0,1.0,1.0,0.0,0.0,0.0,0.0,10.0,0.0,0.0,0.0,7.0,21.0,0.0,,34.0,0.0,0.0,0.0,0.0,3.0,20.0,2.0,0.0,0.0,1.0,0.0,26.0,0.0,0.0,0.0,0.0,771.0,1.0,1.0,1.0,22.0,0.0,13.0,1.0,24.0,3.0,18.0,71.0,22.0,119.0,1.0,40.0,8.0,0.0,0.0,13.0,0.0,3.0,0.0,11.0,0.0,6528.0,1.0,0.0,110.0,257.0,1.0,5.0,7.0,1.0,8.0,131.0,0.0,9.0,1.0,1.0,1.0,0.0,,0.0,1.0
2020-03-31,4.0,12.0,35.0,8.0,2.0,0.0,24.0,3.0,,19.0,108.0,4.0,0.0,4.0,5.0,0.0,0.0,513.0,0.0,0.0,0.0,0.0,6.0,,159.0,8.0,,0.0,2.0,89.0,0.0,8.0,3309.0,14.0,0.0,6.0,4.0,7.0,77.0,0.0,0.0,62.0,40.0,0.0,3.0,0.0,0.0,13.0,3024.0,1.0,1.0,0.0,583.0,5.0,0.0,43.0,0.0,0.0,1.0,1.0,0.0,0.0,1.0,0.0,7.0,16.0,2.0,32.0,122.0,2757.0,46.0,54.0,17.0,11591.0,1.0,56.0,2.0,5.0,1.0,1.0,1.0,0.0,0.0,0.0,0.0,11.0,0.0,0.0,0.0,7.0,22.0,0.0,,37.0,0.0,0.0,0.0,0.0,3.0,28.0,2.0,0.0,0.0,1.0,0.0,33.0,0.0,0.0,0.0,0.0,864.0,1.0,3.0,2.0,26.0,0.0,18.0,1.0,26.0,3.0,24.0,88.0,31.0,140.0,1.0,44.0,10.0,0.0,0.0,13.0,0.0,3.0,0.0,11.0,0.0,7340.0,2.0,0.0,146.0,295.0,2.0,5.0,10.0,1.0,8.0,168.0,0.0,11.0,1.0,2.0,3.0,0.0,,0.0,1.0
2020-04-01,4.0,15.0,44.0,12.0,2.0,0.0,24.0,3.0,0.0,20.0,128.0,5.0,0.0,4.0,5.0,0.0,0.0,705.0,0.0,0.0,0.0,0.0,7.0,0.0,201.0,8.0,0.0,0.0,6.0,96.0,0.0,12.0,3310.0,16.0,2.0,6.0,6.0,8.0,90.0,0.0,0.0,79.0,41.0,0.0,4.0,0.0,0.0,17.0,3523.0,1.0,1.0,0.0,732.0,5.0,0.0,49.0,0.0,0.0,3.0,1.0,0.0,0.0,2.0,0.0,10.0,20.0,2.0,35.0,136.0,2898.0,50.0,71.0,20.0,12430.0,1.0,56.0,2.0,5.0,1.0,1.0,1.0,0.0,0.0,0.0,0.0,12.0,0.0,0.0,0.0,7.0,23.0,0.0,,37.0,0.0,1.0,0.0,0.0,3.0,29.0,4.0,0.0,0.0,1.0,,36.0,0.0,1.0,0.0,0.0,1039.0,1.0,3.0,2.0,28.0,1.0,26.0,1.0,30.0,3.0,30.0,88.0,33.0,160.0,2.0,69.0,17.0,0.0,0.0,23.0,0.0,3.0,0.0,13.0,0.0,8189.0,2.0,0.0,180.0,373.0,2.0,5.0,10.0,1.0,9.0,214.0,0.0,13.0,1.0,2.0,3.0,0.0,,0.0,1.0
2020-04-02,4.0,15.0,58.0,14.0,2.0,0.0,31.0,3.0,0.0,21.0,146.0,5.0,1.0,4.0,6.0,0.0,0.0,828.0,0.0,0.0,0.0,0.0,8.0,1.0,241.0,10.0,0.0,0.0,6.0,109.0,0.0,16.0,3316.0,17.0,2.0,6.0,6.0,9.0,104.0,0.0,0.0,120.0,46.0,0.0,5.0,0.0,0.0,17.0,4032.0,1.0,1.0,0.0,872.0,5.0,0.0,50.0,0.0,0.0,3.0,1.0,0.0,0.0,4.0,0.0,14.0,21.0,2.0,50.0,157.0,3036.0,50.0,85.0,21.0,13157.0,3.0,57.0,2.0,5.0,2.0,1.0,1.0,0.0,1.0,0.0,0.0,12.0,0.0,0.0,0.0,8.0,29.0,0.0,,45.0,0.0,1.0,0.0,0.0,5.0,37.0,5.0,0.0,0.0,1.0,0.0,39.0,0.0,1.0,0.0,0.0,1173.0,1.0,5.0,2.0,32.0,1.0,31.0,1.0,32.0,3.0,47.0,96.0,43.0,187.0,2.0,85.0,24.0,0.0,1.0,23.0,0.0,4.0,0.0,15.0,0.0,9053.0,2.0,0.0,239.0,378.0,2.0,5.0,12.0,2.0,10.0,277.0,0.0,20.0,2.0,2.0,3.0,0.0,,0.0,1.0
2020-04-03,4.0,16.0,63.0,15.0,2.0,0.0,34.0,4.0,0.0,23.0,158.0,5.0,1.0,4.0,6.0,0.0,4.0,1011.0,0.0,0.0,0.0,0.0,9.0,1.0,299.0,10.0,0.0,0.0,7.0,138.0,0.0,18.0,3326.0,19.0,3.0,7.0,6.0,9.0,123.0,0.0,0.0,120.0,52.0,0.0,11.0,0.0,0.0,19.0,4503.0,1.0,1.0,0.0,1017.0,5.0,0.0,53.0,0.0,0.0,3.0,1.0,0.0,0.0,4.0,0.0,15.0,26.0,4.0,56.0,170.0,3160.0,54.0,98.0,34.0,13917.0,3.0,63.0,2.0,5.0,3.0,3.0,1.0,0.0,1.0,0.0,0.0,16.0,0.0,1.0,0.0,9.0,30.0,0.0,0.0,50.0,0.0,3.0,0.0,1.0,7.0,50.0,6.0,0.0,0.0,2.0,0.0,44.0,0.0,1.0,0.0,0.0,1339.0,1.0,5.0,2.0,42.0,1.0,31.0,1.0,37.0,3.0,55.0,107.0,57.0,209.0,3.0,94.0,30.0,0.0,1.0,31.0,0.0,5.0,0.0,16.0,0.0,10003.0,2.0,0.0,282.0,432.0,2.0,5.0,15.0,2.0,13.0,356.0,0.0,20.0,4.0,2.0,3.0,0.0,,1.0,1.0
2020-04-04,4.0,17.0,105.0,16.0,2.0,0.0,37.0,7.0,0.0,30.0,168.0,5.0,3.0,4.0,6.0,0.0,4.0,1143.0,0.0,0.0,0.0,0.0,10.0,1.0,359.0,14.0,0.0,0.0,8.0,187.0,0.0,22.0,3330.0,25.0,3.0,8.0,6.0,11.0,139.0,0.0,0.0,145.0,52.0,0.0,12.0,0.0,0.0,20.0,6507.0,1.0,1.0,0.0,1158.0,5.0,0.0,59.0,0.0,0.0,4.0,1.0,2.0,0.0,4.0,0.0,15.0,32.0,4.0,68.0,181.0,3160.0,54.0,120.0,39.0,14681.0,3.0,69.0,2.0,5.0,3.0,4.0,1.0,0.0,1.0,0.0,1.0,16.0,0.0,1.0,0.0,9.0,31.0,0.0,0.0,53.0,0.0,3.0,0.0,1.0,7.0,60.0,8.0,0.0,0.0,2.0,0.0,44.0,0.0,1.0,0.0,0.0,1487.0,1.0,5.0,2.0,44.0,1.0,31.0,1.0,41.0,3.0,61.0,136.0,71.0,246.0,3.0,133.0,34.0,0.0,1.0,39.0,0.0,5.0,0.0,20.0,0.0,10935.0,2.0,1.0,333.0,484.0,2.0,5.0,19.0,3.0,13.0,425.0,0.0,23.0,4.0,2.0,3.0,0.0,,1.0,1.0
2020-04-05,5.0,19.0,130.0,17.0,2.0,0.0,43.0,7.0,0.0,34.0,186.0,5.0,4.0,4.0,8.0,0.0,5.0,1283.0,0.0,0.0,0.0,0.0,10.0,1.0,432.0,17.0,0.0,0.0,9.0,231.0,0.0,27.0,3333.0,32.0,5.0,12.0,6.0,11.0,161.0,0.0,0.0,172.0,66.0,0.0,13.0,0.0,0.0,25.0,7560.0,1.0,1.0,0.0,1342.0,5.0,0.0,68.0,0.0,0.0,4.0,2.0,2.0,0.0,4.0,0.0,22.0,34.0,4.0,77.0,191.0,3452.0,56.0,137.0,46.0,15362.0,3.0,70.0,3.0,5.0,3.0,4.0,1.0,1.0,1.0,0.0,1.0,17.0,1.0,1.0,1.0,9.0,31.0,0.0,0.0,57.0,0.0,3.0,0.0,1.0,7.0,79.0,12.0,2.0,0.0,2.0,0.0,59.0,0.0,1.0,0.0,0.0,1651.0,1.0,5.0,4.0,50.0,2.0,35.0,,46.0,3.0,73.0,144.0,79.0,266.0,3.0,141.0,43.0,0.0,2.0,44.0,0.0,6.0,0.0,22.0,0.0,11744.0,2.0,1.0,373.0,540.0,2.0,5.0,23.0,3.0,18.0,501.0,0.0,28.0,5.0,2.0,5.0,0.0,,1.0,1.0
2020-04-06,7.0,21.0,152.0,18.0,2.0,0.0,46.0,7.0,0.0,36.0,204.0,7.0,5.0,4.0,9.0,1.0,8.0,1447.0,1.0,0.0,0.0,0.0,11.0,1.0,486.0,20.0,0.0,0.0,9.0,280.0,0.0,34.0,3335.0,35.0,5.0,15.0,8.0,14.0,179.0,0.0,0.0,180.0,71.0,0.0,15.0,2.0,0.0,27.0,8078.0,1.0,1.0,2.0,1434.0,5.0,0.0,73.0,0.0,0.0,4.0,3.0,3.0,0.0,4.0,0.0,22.0,38.0,4.0,109.0,198.0,3603.0,61.0,158.0,49.0,15889.0,3.0,73.0,3.0,5.0,5.0,4.0,1.0,1.0,4.0,0.0,1.0,18.0,3.0,1.0,1.0,13.0,36.0,0.0,0.0,61.0,0.0,5.0,0.0,1.0,7.0,94.0,15.0,2.0,0.0,2.0,0.0,70.0,0.0,1.0,0.0,0.0,1766.0,1.0,10.0,5.0,58.0,2.0,50.0,1.0,54.0,5.0,83.0,152.0,94.0,295.0,4.0,148.0,45.0,0.0,2.0,51.0,0.0,6.0,0.0,28.0,0.0,12418.0,2.0,1.0,401.0,559.0,2.0,5.0,26.0,3.0,19.0,574.0,0.0,32.0,6.0,2.0,5.0,0.0,,1.0,1.0
2020-04-07,7.0,22.0,173.0,21.0,2.0,0.0,53.0,8.0,0.0,42.0,220.0,7.0,5.0,4.0,12.0,2.0,13.0,1632.0,1.0,1.0,2.0,0.0,14.0,1.0,553.0,22.0,0.0,0.0,9.0,323.0,0.0,37.0,3335.0,46.0,5.0,16.0,9.0,14.0,187.0,0.0,0.0,191.0,78.0,0.0,19.0,2.0,0.0,27.0,8911.0,1.0,1.0,2.0,1607.0,5.0,0.0,79.0,0.0,0.0,4.0,3.0,4.0,0.0,5.0,1.0,22.0,47.0,6.0,114.0,209.0,3739.0,64.0,174.0,57.0,16525.0,3.0,80.0,3.0,6.0,6.0,4.0,3.0,1.0,4.0,0.0,1.0,19.0,3.0,1.0,1.0,14.0,41.0,0.0,0.0,62.0,0.0,5.0,0.0,1.0,7.0,125.0,19.0,2.0,0.0,2.0,0.0,80.0,0.0,1.0,0.0,0.0,1867.0,1.0,10.0,5.0,59.0,2.0,54.0,1.0,55.0,5.0,92.0,163.0,107.0,311.0,4.0,157.0,47.0,0.0,2.0,58.0,0.0,6.0,2.0,30.0,0.0,13055.0,2.0,1.0,477.0,584.0,2.0,5.0,26.0,3.0,22.0,649.0,0.0,38.0,6.0,2.0,5.0,0.0,,1.0,1.0
2020-04-08,11.0,22.0,193.0,22.0,2.0,0.0,60.0,8.0,0.0,45.0,243.0,8.0,6.0,5.0,17.0,3.0,13.0,2035.0,1.0,1.0,2.0,0.0,15.0,1.0,667.0,23.0,0.0,0.0,9.0,380.0,0.0,43.0,3337.0,50.0,5.0,18.0,11.0,14.0,203.0,0.0,0.0,220.0,85.0,0.0,21.0,2.0,0.0,34.0,10328.0,1.0,1.0,3.0,1861.0,5.0,0.0,81.0,0.0,0.0,4.0,3.0,4.0,0.0,5.0,1.0,22.0,58.0,6.0,149.0,221.0,3872.0,64.0,210.0,65.0,17129.0,3.0,80.0,3.0,6.0,6.0,6.0,5.0,1.0,4.0,0.0,2.0,19.0,3.0,1.0,1.0,15.0,44.0,0.0,1.0,63.0,0.0,5.0,0.0,1.0,7.0,141.0,22.0,2.0,0.0,2.0,0.0,90.0,0.0,1.0,0.0,0.0,2101.0,1.0,11.0,6.0,69.0,2.0,58.0,1.0,59.0,5.0,107.0,177.0,129.0,345.0,6.0,182.0,58.0,0.0,2.0,61.0,0.0,6.0,2.0,36.0,0.0,13798.0,2.0,1.0,591.0,641.0,2.0,5.0,30.0,3.0,22.0,725.0,0.0,45.0,7.0,2.0,7.0,0.0,,1.0,1.0
2020-04-09,14.0,22.0,205.0,23.0,2.0,0.0,65.0,9.0,0.0,50.0,273.0,8.0,7.0,5.0,20.0,3.0,13.0,2240.0,1.0,1.0,3.0,0.0,18.0,1.0,800.0,24.0,0.0,0.0,10.0,435.0,0.0,48.0,3339.0,55.0,5.0,19.0,12.0,14.0,218.0,0.0,0.0,242.0,103.0,0.0,24.0,2.0,0.0,40.0,10869.0,1.0,1.0,3.0,2107.0,6.0,0.0,83.0,0.0,0.0,4.0,3.0,5.0,0.0,6.0,1.0,23.0,66.0,6.0,166.0,240.0,3993.0,69.0,235.0,71.0,17669.0,4.0,81.0,3.0,6.0,7.0,6.0,5.0,1.0,4.0,0.0,2.0,19.0,4.0,1.0,1.0,15.0,46.0,0.0,1.0,65.0,0.0,7.0,1.0,1.0,7.0,174.0,27.0,2.0,0.0,2.0,0.0,93.0,0.0,3.0,0.0,0.0,2248.0,1.0,11.0,6.0,80.0,2.0,63.0,1.0,63.0,5.0,121.0,182.0,159.0,380.0,6.0,209.0,63.0,0.0,2.0,65.0,0.0,6.0,2.0,40.0,0.0,14555.0,2.0,1.0,687.0,705.0,2.0,5.0,32.0,3.0,23.0,812.0,0.0,52.0,7.0,3.0,8.0,0.0,,1.0,2.0
2020-04-10,15.0,23.0,235.0,25.0,2.0,0.0,79.0,10.0,0.0,52.0,295.0,9.0,8.0,5.0,21.0,3.0,16.0,2523.0,1.0,1.0,4.0,0.0,19.0,1.0,941.0,24.0,0.0,0.0,10.0,509.0,0.0,57.0,3340.0,69.0,5.0,20.0,15.0,15.0,237.0,1.0,0.0,272.0,118.0,0.0,24.0,2.0,0.0,42.0,12210.0,1.0,1.0,3.0,2373.0,6.0,0.0,86.0,0.0,0.0,4.0,3.0,5.0,0.0,6.0,2.0,23.0,77.0,6.0,199.0,280.0,4110.0,69.0,263.0,86.0,18281.0,4.0,85.0,3.0,7.0,9.0,7.0,7.0,1.0,5.0,0.0,2.0,19.0,4.0,1.0,1.0,15.0,52.0,0.0,1.0,67.0,0.0,7.0,2.0,1.0,7.0,194.0,29.0,2.0,0.0,2.0,0.0,97.0,0.0,3.0,0.0,0.0,2396.0,1.0,11.0,7.0,88.0,3.0,66.0,1.0,66.0,6.0,138.0,203.0,174.0,409.0,6.0,229.0,76.0,0.0,2.0,66.0,0.0,6.0,2.0,43.0,1.0,15238.0,2.0,1.0,793.0,756.0,2.0,5.0,33.0,3.0,25.0,908.0,0.0,57.0,7.0,3.0,9.0,0.0,0.0,1.0,3.0
2020-04-11,15.0,23.0,256.0,26.0,2.0,0.0,82.0,11.0,0.0,54.0,319.0,10.0,8.0,6.0,27.0,4.0,19.0,3019.0,2.0,1.0,4.0,0.0,20.0,1.0,1056.0,25.0,0.0,0.0,10.0,569.0,0.0,65.0,3343.0,80.0,5.0,21.0,15.0,15.0,247.0,1.0,0.0,297.0,135.0,0.0,24.0,2.0,0.0,48.0,13197.0,1.0,1.0,3.0,2544.0,6.0,0.0,90.0,0.0,0.0,4.0,3.0,6.0,0.0,6.0,2.0,24.0,85.0,7.0,239.0,306.0,4232.0,70.0,287.0,95.0,18851.0,4.0,88.0,4.0,7.0,10.0,7.0,7.0,1.0,5.0,0.0,2.0,20.0,4.0,1.0,1.0,17.0,54.0,0.0,1.0,70.0,0.0,7.0,2.0,1.0,9.0,233.0,29.0,2.0,0.0,2.0,0.0,107.0,0.0,3.0,0.0,0.0,2511.0,1.0,11.0,7.0,92.0,3.0,71.0,2.0,74.0,6.0,169.0,203.0,181.0,435.0,6.0,257.0,94.0,0.0,2.0,71.0,0.0,6.0,2.0,45.0,1.0,15843.0,2.0,1.0,870.0,805.0,2.0,5.0,35.0,3.0,25.0,1006.0,0.0,69.0,7.0,3.0,9.0,0.0,0.0,2.0,3.0
2020-04-12,18.0,23.0,275.0,28.0,2.0,0.0,89.0,13.0,0.0,57.0,337.0,11.0,8.0,6.0,30.0,4.0,23.0,3346.0,2.0,1.0,4.0,0.0,24.0,1.0,1124.0,28.0,0.0,0.0,11.0,653.0,0.0,73.0,3343.0,100.0,5.0,21.0,16.0,15.0,260.0,2.0,0.0,315.0,146.0,0.0,24.0,3.0,0.0,49.0,13832.0,1.0,1.0,3.0,2673.0,8.0,0.0,93.0,0.0,0.0,5.0,3.0,6.0,0.0,6.0,2.0,25.0,99.0,8.0,273.0,327.0,4357.0,72.0,320.0,101.0,19470.0,4.0,98.0,4.0,7.0,10.0,7.0,7.0,1.0,5.0,0.0,3.0,20.0,5.0,1.0,1.0,23.0,62.0,0.0,2.0,73.0,0.0,9.0,3.0,1.0,9.0,273.0,30.0,2.0,0.0,2.0,0.0,111.0,0.0,3.0,0.0,0.0,2643.0,1.0,11.0,10.0,98.0,3.0,86.0,2.0,79.0,6.0,181.0,247.0,208.0,470.0,6.0,282.0,106.0,0.0,2.0,74.0,0.0,8.0,2.0,50.0,1.0,16353.0,2.0,1.0,887.0,831.0,2.0,6.0,38.0,3.0,28.0,1101.0,0.0,73.0,7.0,4.0,9.0,0.0,0.0,2.0,3.0
2020-04-13,18.0,23.0,293.0,29.0,2.0,0.0,95.0,13.0,0.0,61.0,350.0,11.0,8.0,6.0,34.0,4.0,26.0,3600.0,2.0,1.0,4.0,0.0,27.0,1.0,1223.0,29.0,0.0,0.0,12.0,717.0,0.0,80.0,3345.0,109.0,5.0,23.0,18.0,16.0,273.0,2.0,0.0,333.0,159.0,0.0,25.0,3.0,0.0,56.0,14393.0,1.0,1.0,3.0,2799.0,8.0,4.0,98.0,0.0,0.0,5.0,5.0,6.0,0.0,6.0,3.0,25.0,109.0,8.0,308.0,373.0,4474.0,76.0,334.0,103.0,19901.0,4.0,102.0,4.0,7.0,10.0,8.0,7.0,1.0,5.0,0.0,5.0,20.0,5.0,1.0,1.0,24.0,66.0,0.0,2.0,76.0,0.0,9.0,3.0,1.0,9.0,296.0,32.0,2.0,0.0,3.0,0.0,118.0,0.0,4.0,0.0,0.0,2737.0,1.0,12.0,10.0,103.0,4.0,93.0,2.0,87.0,6.0,193.0,297.0,232.0,504.0,7.0,306.0,130.0,0.0,2.0,80.0,0.0,8.0,2.0,53.0,2.0,16972.0,2.0,1.0,899.0,858.0,2.0,6.0,40.0,3.0,31.0,1198.0,0.0,83.0,8.0,4.0,9.0,0.0,0.0,2.0,3.0
2020-04-14,21.0,23.0,313.0,29.0,2.0,0.0,98.0,14.0,0.0,61.0,368.0,12.0,8.0,7.0,39.0,4.0,29.0,3903.0,2.0,1.0,4.0,0.0,28.0,1.0,1328.0,32.0,0.0,0.0,12.0,780.0,0.0,82.0,3345.0,112.0,5.0,25.0,21.0,17.0,285.0,2.0,0.0,355.0,164.0,0.0,28.0,3.0,0.0,59.0,14967.0,1.0,1.0,3.0,2969.0,8.0,4.0,99.0,0.0,0.0,5.0,5.0,6.0,0.0,6.0,3.0,26.0,122.0,8.0,339.0,399.0,4585.0,78.0,365.0,116.0,20465.0,4.0,109.0,4.0,7.0,14.0,9.0,8.0,2.0,5.0,0.0,5.0,20.0,6.0,1.0,1.0,24.0,67.0,0.0,2.0,77.0,0.0,10.0,3.0,1.0,9.0,332.0,36.0,2.0,0.0,3.0,0.0,126.0,0.0,4.0,0.0,0.0,2823.0,1.0,13.0,10.0,114.0,4.0,96.0,2.0,94.0,7.0,193.0,315.0,245.0,535.0,7.0,318.0,148.0,0.0,2.0,80.0,0.0,9.0,2.0,55.0,2.0,17489.0,4.0,1.0,919.0,858.0,2.0,6.0,41.0,3.0,34.0,1296.0,0.0,93.0,8.0,4.0,9.0,0.0,0.0,2.0,3.0
2020-04-15,23.0,24.0,325.0,31.0,2.0,0.0,105.0,17.0,0.0,61.0,384.0,13.0,8.0,7.0,46.0,5.0,33.0,4157.0,2.0,1.0,5.0,0.0,28.0,1.0,1532.0,35.0,1.0,0.0,17.0,903.0,0.0,92.0,3346.0,127.0,5.0,31.0,21.0,17.0,299.0,2.0,0.0,355.0,178.0,0.0,31.0,3.0,0.0,64.0,15729.0,1.0,1.0,3.0,3254.0,8.0,4.0,101.0,0.0,0.0,5.0,5.0,7.0,0.0,6.0,3.0,31.0,134.0,8.0,377.0,459.0,4683.0,78.0,406.0,123.0,21069.0,5.0,119.0,4.0,7.0,14.0,9.0,8.0,3.0,5.0,0.0,5.0,21.0,6.0,1.0,1.0,24.0,67.0,0.0,2.0,82.0,0.0,13.0,3.0,1.0,9.0,406.0,40.0,2.0,0.0,4.0,0.0,126.0,0.0,4.0,0.0,0.0,2945.0,1.0,14.0,11.0,127.0,4.0,107.0,2.0,95.0,8.0,230.0,335.0,263.0,567.0,7.0,344.0,170.0,0.0,2.0,84.0,0.0,10.0,2.0,56.0,2.0,18056.0,5.0,1.0,1033.0,900.0,2.0,6.0,43.0,3.0,34.0,1403.0,0.0,98.0,8.0,4.0,9.0,0.0,0.0,2.0,3.0
2020-04-16,25.0,25.0,336.0,33.0,2.0,0.0,109.0,18.0,1.0,63.0,393.0,13.0,8.0,7.0,50.0,5.0,36.0,4440.0,2.0,1.0,5.0,0.0,29.0,1.0,1736.0,36.0,1.0,0.0,17.0,1010.0,0.0,94.0,3346.0,131.0,5.0,34.0,24.0,17.0,309.0,2.0,0.0,388.0,183.0,0.0,35.0,3.0,0.0,72.0,17167.0,1.0,1.0,3.0,3569.0,8.0,4.0,102.0,0.0,0.0,5.0,5.0,7.0,1.0,6.0,3.0,35.0,142.0,8.0,414.0,469.0,4777.0,79.0,444.0,130.0,21647.0,5.0,136.0,6.0,7.0,16.0,10.0,9.0,3.0,5.0,0.0,5.0,21.0,6.0,1.0,1.0,29.0,69.0,0.0,2.0,83.0,0.0,13.0,3.0,1.0,9.0,449.0,46.0,3.0,0.0,4.0,0.0,127.0,0.0,4.0,0.0,0.0,3134.0,1.0,14.0,12.0,130.0,4.0,124.0,2.0,103.0,8.0,254.0,349.0,286.0,599.0,7.0,372.0,198.0,0.0,2.0,99.0,0.0,10.0,6.0,61.0,5.0,18579.0,5.0,1.0,1203.0,973.0,2.0,6.0,46.0,3.0,35.0,1518.0,0.0,116.0,9.0,4.0,9.0,0.0,0.0,2.0,3.0
2020-04-17,29.0,26.0,348.0,33.0,2.0,0.0,115.0,19.0,1.0,63.0,410.0,15.0,9.0,7.0,60.0,5.0,40.0,4857.0,2.0,1.0,5.0,0.0,31.0,1.0,1924.0,38.0,1.0,0.0,21.0,1193.0,0.0,105.0,4636.0,144.0,5.0,35.0,27.0,17.0,321.0,2.0,0.0,403.0,196.0,0.0,36.0,3.0,0.0,75.0,17920.0,1.0,1.0,3.0,3868.0,8.0,4.0,105.0,0.0,0.0,5.0,7.0,9.0,1.0,6.0,3.0,41.0,156.0,8.0,437.0,496.0,4869.0,80.0,486.0,142.0,22172.0,5.0,148.0,10.0,7.0,17.0,11.0,11.0,3.0,5.0,0.0,5.0,21.0,6.0,1.0,1.0,32.0,69.0,0.0,2.0,84.0,0.0,13.0,3.0,1.0,9.0,486.0,54.0,3.0,0.0,4.0,0.0,130.0,0.0,4.0,0.0,0.0,3315.0,1.0,15.0,13.0,136.0,4.0,135.0,2.0,109.0,8.0,274.0,362.0,314.0,629.0,7.0,387.0,232.0,0.0,2.0,103.0,0.0,10.0,8.0,61.0,5.0,19130.0,5.0,1.0,1333.0,1016.0,2.0,6.0,47.0,5.0,37.0,1643.0,0.0,125.0,9.0,4.0,9.0,0.0,0.0,2.0,3.0
2020-04-18,30.0,26.0,364.0,35.0,2.0,0.0,122.0,20.0,2.0,67.0,431.0,15.0,9.0,7.0,75.0,5.0,42.0,5163.0,2.0,1.0,5.0,0.0,31.0,1.0,2141.0,41.0,1.0,0.0,21.0,1309.0,0.0,116.0,4636.0,153.0,6.0,36.0,31.0,17.0,336.0,2.0,0.0,421.0,205.0,0.0,38.0,3.0,0.0,82.0,18681.0,1.0,1.0,3.0,4110.0,8.0,4.0,105.0,0.0,0.0,5.0,7.0,9.0,3.0,6.0,3.0,46.0,172.0,8.0,480.0,520.0,4958.0,81.0,530.0,151.0,22747.0,5.0,154.0,11.0,7.0,17.0,11.0,12.0,5.0,5.0,0.0,5.0,21.0,7.0,1.0,1.0,33.0,72.0,0.0,2.0,86.0,0.0,13.0,3.0,1.0,9.0,546.0,56.0,3.0,0.0,4.0,0.0,135.0,0.0,5.0,0.0,0.0,3459.0,1.0,18.0,17.0,136.0,6.0,143.0,2.0,116.0,8.0,300.0,387.0,332.0,657.0,7.0,400.0,273.0,0.0,3.0,110.0,0.0,11.0,9.0,66.0,5.0,19478.0,5.0,1.0,1400.0,1058.0,2.0,6.0,47.0,5.0,37.0,1769.0,0.0,133.0,9.0,4.0,9.0,0.0,0.0,2.0,3.0
2020-04-19,30.0,26.0,367.0,35.0,2.0,0.0,132.0,20.0,2.0,69.0,443.0,18.0,9.0,7.0,84.0,5.0,45.0,5453.0,2.0,1.0,5.0,0.0,32.0,1.0,2347.0,41.0,1.0,0.0,21.0,1467.0,0.0,126.0,4636.0,166.0,6.0,39.0,32.0,17.0,346.0,2.0,0.0,456.0,224.0,0.0,38.0,3.0,0.0,90.0,19323.0,1.0,1.0,4.0,4294.0,9.0,4.0,105.0,0.0,0.0,5.0,7.0,9.0,3.0,7.0,3.0,46.0,189.0,9.0,507.0,535.0,5031.0,81.0,571.0,164.0,23227.0,5.0,161.0,12.0,7.0,17.0,12.0,12.0,6.0,5.0,0.0,5.0,21.0,7.0,1.0,1.0,33.0,72.0,0.0,2.0,88.0,0.0,13.0,3.0,1.0,9.0,650.0,60.0,3.0,0.0,5.0,0.0,137.0,0.0,5.0,0.0,0.0,3601.0,1.0,19.0,19.0,148.0,6.0,159.0,2.0,120.0,8.0,348.0,397.0,347.0,687.0,8.0,417.0,313.0,0.0,3.0,117.0,0.0,11.0,11.0,70.0,7.0,20043.0,10.0,1.0,1511.0,1110.0,2.0,6.0,47.0,5.0,37.0,1890.0,0.0,141.0,9.0,5.0,9.0,0.0,0.0,2.0,3.0
